Date,RM,SMB,HML,MOM,CG,P01,P02,P03,P04,P05,P06,P07,P08,P09,P10,P11,P12,P13,P14,P15,P16,P17,P18,P19,P20,P21,P22,P23,P24,P25
1990-01-01,-7.8,-1.14,0.83,-2.98,0.5,-8.2364,-7.398,-5.1087,-6.6322,-6.3022,-9.1557,-9.6597,-7.1938,-7.5154,-9.0147,-9.633,-9.2108,-7.97,-6.5611,-7.696,-7.0273,-5.3589,-8.5868,-8.5147,-9.9603,-7.6333,-5.7648,-7.1512,-7.3211,-5.8932
1990-02-01,1.12,0.97,0.65,-0.51,-0.5,1.9141,2.0787,1.1086,3.4487,1.5145,3.3179,3.6562,2.8742,3.3203,2.3794,3.2731,3.5761,2.2408,1.2576,3.1374,1.6269,1.5777,1.4873,1.8295,3.5317,-0.0828,1.7983,2.3749,1.4147,2.0563
1990-03-01,1.83,1.47,-2.9,1.72,0.3,4.2963,2.2911,2.4861,3.7168,1.3778,4.6401,4.766,4.9896,3.1619,1.5408,5.1161,2.7948,3.0016,1.0625,-0.1866,3.7276,4.3154,1.9621,1.9239,-0.4494,3.8536,3.8098,0.4402,0.5368,1.2023
1990-04-01,-3.36,-0.47,-2.57,2.28,0.2,-2.4945,-2.6502,-1.8765,-2.5562,-3.5554,-4.0346,-3.5767,-1.9634,-3.0309,-5.5878,-2.3507,-1.8241,-3.4562,-5.3848,-5.9545,-2.8151,-4.173,-5.8558,-5.4795,-5.941,0.402,-1.3307,-3.7774,-4.1593,-4.1409
1990-05-01,8.43,-2.56,-3.89,3.14,-0.1,8.5047,6.4747,5.9255,4.1918,3.674,10.6511,8.7681,5.5877,5.5192,3.6412,9.3967,8.8237,7.5443,4.5683,6.4514,11.0156,7.8249,10.2134,7.4323,8.6495,11.6552,11.1217,7.7203,6.4604,7.6916
1990-06-01,-1.09,1.35,-2.0,2.49,0.3,1.0482,1.9821,2.6986,0.3864,-0.3098,0.1356,0.8545,-1.0585,0.0984,-0.6113,1.9148,0.4718,-0.4066,-1.5806,-0.6125,0.5701,-1.7862,-1.9148,-1.7995,-0.0235,3.4341,-2.1376,-2.3266,-3.4862,-0.3006
1990-07-01,-1.9,-3.08,-0.06,6.04,0.2,-4.744,-5.0232,-3.4949,-3.0361,-4.5499,-5.4578,-3.8577,-4.4573,-2.5719,-4.6045,-4.513,-1.4347,-3.2212,-4.8545,-4.2532,-2.3518,-0.8425,-4.2729,-2.2639,-2.8179,-0.8405,-1.4978,2.1151,-1.4011,-2.0358
1990-08-01,-10.12,-3.5,1.56,1.97,0.0,-16.2887,-14.7542,-12.6509,-11.055,-12.2331,-14.5432,-13.4333,-12.5463,-10.446,-11.1668,-13.8314,-13.398,-10.8023,-8.9066,-9.8377,-9.4743,-10.8971,-11.0439,-9.4744,-10.555,-8.6877,-10.1201,-6.6029,-9.5419,-10.5943
1990-09-01,-6.11,-3.64,0.59,5.71,0.0,-10.5087,-9.2336,-8.1034,-6.9004,-8.6792,-9.8345,-9.0022,-8.7623,-6.9499,-8.5706,-9.4358,-7.1756,-6.7005,-8.1735,-8.18,-5.8495,-6.2793,-9.7384,-6.5355,-7.9525,-5.2159,-5.252,-1.515,-6.6357,-7.4339
1990-10-01,-1.92,-5.52,0.08,6.74,-0.6,-6.6088,-6.65,-6.3207,-5.5214,-7.2871,-6.3134,-5.2704,-4.3569,-4.1345,-7.5258,-5.0715,-4.9835,-4.1651,-2.5149,-4.8608,-0.6855,-3.3469,-7.3204,-1.2545,-2.3798,1.5293,-1.631,-0.972,0.432,0.9095
1990-11-01,6.35,0.42,-2.97,-5.36,-0.1,3.5051,5.7029,4.0641,2.939,1.6237,11.8491,6.1617,6.9913,6.9106,4.2688,10.9549,9.2039,7.7201,7.7843,7.0843,9.1257,7.8959,11.2655,9.1462,5.9001,6.4113,7.7426,5.9444,6.2304,4.3625
1990-12-01,2.46,0.79,-1.57,0.25,-0.4,0.3483,-0.1947,0.0694,2.2842,0.3384,4.2667,5.8604,4.3178,4.0177,3.8772,6.7485,4.3869,3.6469,3.8469,3.301,3.9669,3.866,4.8848,4.417,3.3653,3.3358,3.7003,1.6735,2.3972,0.8096
1991-01-01,4.69,3.78,-1.48,-6.47,-0.9,7.8057,7.1576,10.7585,8.8886,11.1865,10.0161,6.6071,7.2899,6.3987,8.938,9.2578,9.1605,7.0495,7.9457,3.6878,8.401,4.0079,7.8052,4.3646,5.4534,5.1921,5.8633,1.9126,6.0378,3.9829
1991-02-01,7.19,4.01,-0.62,-4.94,0.6,14.4542,12.0217,13.7227,12.2548,11.6923,11.9072,10.2468,10.0669,8.3063,13.9236,9.4827,10.6321,8.5083,8.3987,8.5387,8.6841,9.3691,8.7872,7.4544,6.6159,8.2108,6.8529,5.1308,6.0836,7.9712
1991-03-01,2.66,3.88,-1.3,2.71,1.2,10.31,8.6407,7.9126,6.6892,7.7665,7.687,5.2332,5.836,6.1972,6.0611,7.7138,2.8027,2.221,4.6938,6.0055,5.0691,4.0302,3.3706,3.6764,2.9516,4.5463,1.8986,0.3316,1.7511,1.1991
1991-04-01,-0.28,0.5,1.49,-2.32,-0.3,0.9448,1.1322,1.1807,0.6363,0.5057,-1.5741,0.891,0.7901,1.8309,1.8442,-2.7533,-0.6682,2.9513,2.4705,1.3928,-0.9926,0.5598,3.2814,1.6899,-0.503,0.0224,-0.0013,0.0539,1.6328,-0.1752
1991-05-01,3.66,-0.39,-0.52,-0.09,0.3,2.7906,3.7681,4.7025,3.3565,3.6783,5.4506,2.8178,5.8653,3.3293,3.3963,3.662,6.6735,4.8303,4.4189,0.2327,6.5656,3.093,5.8425,4.6354,5.1447,3.9851,5.3044,1.6741,4.2921,6.9352
1991-06-01,-4.94,0.18,1.08,0.42,0.0,-7.0325,-3.7166,-4.0787,-3.993,-3.7856,-5.2412,-4.9026,-3.0775,-2.896,-5.7986,-4.7483,-4.5536,-3.5446,-2.1288,-4.6015,-5.2851,-4.2499,-5.8854,-3.4027,-3.7764,-4.4108,-5.6538,-3.657,-5.1337,-3.9656
1991-07-01,4.24,-0.97,-1.3,4.26,0.5,2.8254,3.9835,2.3152,3.3888,2.4734,4.147,3.5989,2.9707,3.9178,2.0584,6.1781,4.0888,3.6808,2.6795,7.3737,5.973,3.7002,2.9366,4.2601,7.3379,6.2278,3.2834,4.8694,4.6764,0.8156
1991-08-01,2.32,1.58,-0.79,1.58,-0.2,3.7308,4.8966,3.373,0.8023,2.7947,3.9935,3.44,3.6917,3.2984,3.7402,5.5215,4.1826,2.5662,4.109,6.2111,1.5777,1.9912,3.253,2.6905,3.1127,4.3134,0.6985,2.6552,1.4422,1.7597
1991-09-01,-1.59,1.68,-1.23,1.75,0.0,4.429,2.5734,0.2002,0.2863,-1.5098,0.5632,0.817,1.9587,0.9642,-1.6265,0.1174,-0.4497,-0.767,0.7386,-3.7204,-0.3266,-1.7414,-0.8519,-0.0298,-1.2317,-2.2206,-1.0818,-0.9837,0.5243,-3.8306
1991-10-01,1.29,0.77,-0.43,3.18,-0.4,6.5752,4.1495,1.8624,3.8383,1.2713,2.3274,1.4029,3.4099,0.5585,1.3106,2.7666,1.0275,1.6324,2.9463,3.6073,2.5246,0.6612,1.2885,2.3167,2.8539,1.5326,0.9423,1.9451,3.2662,0.5042
1991-11-01,-4.2,-0.51,-1.77,1.18,0.5,-1.862,-3.2117,-4.1558,-3.2872,-2.5995,-4.7841,-6.533,-2.8905,-5.1594,-6.8733,-3.6135,-4.8361,-3.9739,-5.0869,-5.7616,-2.3044,-4.8734,-3.9613,-3.1107,-6.1249,-1.0874,-5.5812,-5.5566,-3.7402,-8.3335
1991-12-01,10.85,-2.26,-4.23,8.29,0.2,6.597,3.6013,5.3221,4.4472,4.6512,11.4488,6.893,5.4201,5.7123,7.9763,14.5303,10.7565,7.6348,10.0206,11.1812,13.1353,8.7769,10.5845,8.5771,10.5556,15.2806,9.319,8.3699,6.9295,12.8873
1992-01-01,-0.59,8.48,4.67,-2.5,1.5,14.6152,15.7778,8.4346,13.1233,16.4436,8.3609,4.6291,6.4057,7.563,9.6096,1.4375,4.8664,5.1179,5.4583,9.2936,-0.2445,2.0355,0.9462,0.6766,6.4133,-3.1649,-2.1749,-2.4602,0.0055,6.7472
1992-02-01,1.08,0.83,6.51,-0.7,0.1,-0.1673,4.8854,3.5013,5.1405,9.8197,0.201,2.424,1.6468,4.5002,6.5827,0.1846,2.6203,3.6045,2.9095,8.8406,-0.5662,2.9899,3.0985,2.1931,5.1887,0.219,-0.53,1.9293,4.2776,10.113
1992-03-01,-2.65,-0.97,3.49,-0.21,0.2,-6.5173,-5.6816,-2.5284,-0.0759,-1.0318,-7.8096,-2.5028,-1.6914,-0.5092,-1.0899,-5.0371,-2.2246,-0.4367,0.0646,-1.4159,-5.6904,-0.7501,-3.2421,-0.691,-2.0735,-2.9247,-1.6789,0.1304,-1.5142,0.7934
1992-04-01,1.09,-6.12,4.36,-2.55,0.1,-10.019,-3.8246,-4.9386,-4.6018,-2.7764,-6.5099,-3.4255,-2.5885,-2.5509,0.5295,-5.1689,-1.5338,-1.1468,0.5039,2.5582,-1.9988,0.9842,2.238,2.8668,4.0872,-0.154,5.3015,5.4825,3.2809,7.4908
1992-05-01,0.3,0.41,1.11,0.06,0.5,-1.4895,-0.2773,0.2121,-1.3393,1.6116,-0.185,0.2964,1.8657,0.7003,4.0301,-0.3736,-0.9256,1.8656,0.8393,2.5156,0.1799,1.3737,1.2849,0.653,-0.1736,1.2365,0.413,-0.0843,0.0866,-0.0015
1992-06-01,-2.33,-3.1,3.24,-0.57,0.3,-8.9872,-5.2859,-5.1876,-4.8404,-4.4549,-5.3545,-6.048,-2.5548,-3.3243,-0.8611,-4.6266,-3.9542,-2.5129,-1.3848,0.6266,-1.7715,-4.047,-1.9682,0.2738,-0.2195,-3.0457,0.0109,-2.2535,0.4128,0.7537
1992-07-01,3.78,-0.45,-0.51,1.47,0.3,0.7307,1.4122,1.5704,2.966,2.784,2.7434,4.4085,3.0897,4.2553,2.7801,4.6122,4.7099,3.9094,5.22,4.2807,5.2039,4.0047,3.7097,4.2296,2.057,4.9198,3.5172,4.0144,4.7464,-0.2819
1992-08-01,-2.38,-0.1,-1.09,-0.47,0.2,-4.5544,-3.1567,-0.8878,-1.7266,-3.4169,-3.9161,-3.3886,-0.797,-0.2073,-3.6401,-4.2061,-2.4857,-2.1342,-1.1573,-2.9319,-1.2634,-2.5954,-2.3159,-1.58,-4.4219,-0.5825,-3.0083,-1.2507,-3.175,-8.3802
1992-09-01,1.19,0.55,-0.19,1.44,0.7,0.2962,1.5372,1.83,2.2765,1.3107,1.5557,1.8221,4.2257,2.3461,1.8333,3.0697,2.6344,1.4937,0.5658,1.8407,0.9265,3.4423,1.9533,1.104,0.1628,0.7961,3.3326,0.5488,1.1058,0.1762
1992-10-01,1.02,2.11,-1.98,2.5,0.3,2.5383,1.8944,2.5688,2.0581,1.4988,4.9675,4.232,2.316,1.1994,3.2857,5.6471,4.0142,1.8302,2.4325,1.4696,4.7768,0.9736,1.1405,2.109,4.747,2.0576,1.4373,-2.5493,0.1828,0.0328
1992-11-01,4.14,3.68,-1.52,-0.25,0.2,10.6494,11.0948,8.2551,8.0868,7.8462,9.2061,8.2522,6.3671,4.7711,7.0207,9.3925,6.5907,6.1603,5.0041,4.126,7.0465,4.8608,4.1267,2.9252,3.8265,3.6768,4.9988,1.0653,2.9428,8.3543
1992-12-01,1.53,1.65,2.64,4.33,0.7,1.63,3.1959,5.0501,4.4694,5.022,1.6088,2.5187,3.2855,6.3621,4.8926,3.7539,4.9656,2.8912,3.7981,5.0137,1.2262,2.671,3.6452,4.1335,4.5833,-0.7044,3.4563,1.0783,3.0,3.0076
1993-01-01,0.93,1.89,5.9,4.85,-0.1,2.8961,5.1035,4.3131,5.6017,7.9548,-0.6437,3.0377,4.4064,4.5692,8.1658,-2.4126,4.2971,3.9783,3.4117,3.6656,1.1725,1.7824,3.0735,2.6367,4.6934,-2.4217,1.1224,0.8972,3.3609,8.9824
1993-02-01,0.12,-3.39,6.48,3.18,0.2,-7.4897,-5.2289,-2.0913,-0.8218,0.7861,-8.1521,-4.3087,-0.579,2.6372,1.6493,-7.8607,0.0149,1.2312,0.6963,3.0075,-5.078,1.4612,1.5923,3.1469,1.8688,-3.0749,2.1066,5.0582,4.6791,2.1197
1993-03-01,2.32,0.29,1.26,3.7,-0.3,1.0175,1.7524,3.151,2.5465,4.9945,0.6452,2.6206,4.193,2.4847,4.0651,4.9378,3.1568,3.2351,3.6273,5.8088,2.5558,5.0139,4.3812,3.6598,1.8443,0.7033,3.5955,2.7976,1.3939,3.503
1993-04-01,-3.05,-0.62,2.55,0.36,0.7,-4.1364,-3.7081,-3.2312,-2.1084,-1.2174,-2.9153,-3.1626,-1.9825,-2.3013,-4.0077,-4.9751,-2.244,-2.5086,-1.7062,-1.7197,-5.0092,-2.4847,-1.9225,-1.7794,-1.4016,-6.003,-2.1786,-0.2769,-1.4901,0.8501
1993-05-01,2.89,2.06,-3.46,0.21,0.3,5.8706,4.4424,3.9022,2.9393,4.5345,6.963,4.3192,3.451,1.9864,4.3785,7.9872,5.8203,3.8702,2.2228,2.2347,6.811,3.8494,2.3395,1.1039,2.9602,3.1481,4.4805,1.6212,1.2471,-0.3731
1993-06-01,0.3,-0.3,2.64,4.57,0.4,-1.4588,-0.2599,0.5189,-0.8256,1.9068,-0.7154,0.7525,0.2805,0.6866,2.3964,-0.6566,0.2527,1.2154,2.6077,0.9614,0.7597,0.6141,1.9582,1.2359,3.8689,-2.4597,1.0699,1.0732,2.7614,4.7147
1993-07-01,-0.34,0.96,2.87,3.22,0.5,-1.5013,-0.3534,1.0043,1.7241,2.8918,0.2393,-0.2404,1.7534,1.8135,2.7439,-0.6897,0.0043,0.8978,2.6182,-0.4783,-3.2526,1.7044,1.1582,2.3379,1.3856,-3.1481,-0.1798,2.0331,1.563,-0.1321
1993-08-01,3.72,0.11,0.18,2.54,0.1,3.69,5.4045,3.5657,4.2158,3.0829,3.3529,6.0206,4.9966,5.1592,3.4092,4.0541,4.9154,3.8229,3.2431,2.3413,6.0174,4.1395,4.5248,3.8232,5.0046,3.5413,2.6308,4.0657,4.1455,4.017
1993-09-01,-0.12,3.09,-0.24,3.39,0.6,2.3166,2.1835,3.2019,2.9272,3.0529,3.6932,3.6296,2.6797,2.2549,2.4328,4.1171,1.0854,1.1661,1.2163,0.3364,0.6374,1.3501,0.8382,-0.9653,-0.8491,-1.3055,-1.6148,0.2194,1.4351,-0.4495
1993-10-01,1.42,1.99,-2.78,-2.67,0.2,5.4357,4.3121,4.7227,4.6769,4.2507,3.9966,2.0403,1.6697,0.8216,0.6391,2.3762,-1.0497,0.2685,-0.1622,3.1162,3.3845,0.6957,0.1949,-0.681,-2.2274,4.719,1.3893,-0.744,-0.4909,-0.4869
1993-11-01,-1.87,-1.27,-0.78,-4.77,0.3,-3.9975,-3.0763,-1.8477,-2.1243,-1.7173,-3.2105,-2.3387,-2.3673,-4.1451,-4.3574,-2.5438,-1.9417,-3.1973,-3.5452,-0.4362,-2.3487,-2.4718,-2.248,-2.5811,-4.987,1.8852,-1.9822,-2.1602,-3.9287,0.707
1993-12-01,1.65,1.19,0.25,2.33,0.4,0.818,0.3909,1.9232,1.2319,1.0429,2.2317,4.4544,4.538,1.8034,3.8085,3.7118,6.2907,5.2086,5.0855,2.2353,4.2124,6.394,4.0523,2.8444,2.6347,0.2342,2.2266,0.8351,1.2346,1.7944
1994-01-01,2.87,0.33,1.1,0.11,0.3,2.607,6.3154,5.5552,4.7982,5.8043,1.3069,1.8425,2.1841,2.6419,4.9746,1.7448,2.1527,1.3877,3.2224,6.1967,2.4014,3.2401,5.1023,3.1792,2.0139,1.6584,4.7973,4.1719,2.9785,2.7417
1994-02-01,-2.55,2.76,-1.52,-0.34,0.8,-3.018,0.7361,0.5191,0.0405,-0.1318,-0.6764,0.5305,-0.0126,-1.9337,-1.177,-0.6454,1.5471,0.6305,-1.2379,-1.2079,-1.4497,0.3034,-1.1945,-2.5922,-4.9971,-1.8142,-2.0506,-3.46,-5.3522,-4.9714
1994-03-01,-4.79,-1.08,1.67,-1.32,0.0,-7.8223,-5.0397,-4.8156,-4.4727,-2.8962,-6.9881,-5.5084,-5.2712,-4.1516,-5.2543,-5.7541,-4.8236,-4.4077,-4.2602,-5.0328,-6.0571,-5.0019,-5.0069,-2.9652,-0.892,-4.8018,-3.9477,-3.2658,-4.1055,-3.9693
1994-04-01,0.68,-0.93,1.66,0.33,0.4,-3.94,-0.0468,-1.4881,-1.0298,0.6945,-1.2484,0.8723,1.3669,1.9439,1.999,-1.256,2.0202,1.0288,0.7568,1.1053,-0.2404,0.6469,0.9734,1.7894,1.9827,1.2047,0.2474,2.1911,1.634,2.1477
1994-05-01,0.58,-2.09,0.6,-2.05,-0.2,-2.6765,-2.1146,-1.2904,0.0672,-0.3854,-2.2296,-2.4493,-1.0869,-0.3918,1.3874,-2.1408,-1.2966,0.5874,-0.8161,0.2875,-0.3433,-0.484,1.2881,-1.0884,-2.0707,1.0712,2.7206,2.7188,0.0321,3.4329
1994-06-01,-3.04,-0.43,1.77,-0.9,0.6,-6.4925,-4.6988,-4.4526,-2.1829,-2.0227,-5.9041,-3.301,-0.2964,-1.8745,-0.7989,-4.1696,-3.0334,0.293,-1.6271,-1.8119,-4.9857,-1.8355,-3.3433,-1.9067,-3.309,-2.8656,-2.646,-2.1865,-1.3329,-3.745
1994-07-01,2.82,-1.81,0.61,0.11,-0.1,0.1886,0.1976,-0.7816,0.9688,1.1544,2.2703,2.1695,1.836,2.5888,2.3234,3.2613,1.766,0.7727,3.7644,3.5881,2.3857,3.9097,3.2214,4.9195,3.9122,3.0956,2.9083,4.3448,3.8701,1.4054
1994-08-01,4.02,1.5,-2.55,1.54,0.7,3.8151,4.1132,5.1216,2.5715,2.8197,9.7018,6.117,4.1083,4.247,4.6721,9.724,5.0644,4.4459,2.7935,5.2206,7.8567,4.8163,2.9864,3.1779,4.4922,5.2737,3.4613,1.8741,3.8469,3.3881
1994-09-01,-2.28,3.04,-1.81,1.32,0.1,0.9049,1.9547,0.7736,2.7458,0.8228,0.1258,0.8275,-1.361,0.9622,-1.4799,0.6511,-1.3503,-1.9842,-1.6756,-1.0856,-0.7909,-1.8783,-2.7472,-3.3104,-2.5419,-1.2027,-3.475,-2.3454,-4.0922,-6.2262
1994-10-01,1.35,-2.16,-1.66,1.31,0.6,-0.7415,0.9649,-0.229,1.2103,0.2307,1.876,-0.0061,-0.2938,-0.4526,-3.8106,3.4383,-0.7247,-0.0341,-0.6216,-2.6596,0.5655,1.3723,1.041,-0.7358,-1.9807,2.3942,2.3585,3.3545,1.7499,2.5049
1994-11-01,-4.03,0.28,-0.73,-0.12,0.1,-4.4831,-3.2212,-2.7394,-3.1991,-3.1054,-3.0003,-3.7119,-3.8838,-3.8378,-4.9873,-5.427,-4.3481,-4.5543,-2.9053,-5.0912,-4.0557,-3.7161,-4.0225,-3.9729,-5.4087,-2.0818,-5.176,-2.7346,-5.0928,-2.7375
1994-12-01,0.86,0.17,-0.09,3.45,0.3,-2.7502,-0.8949,-0.2672,0.0808,-0.1363,1.6996,2.0336,2.5898,2.5628,1.055,1.7545,3.1198,2.0369,2.5405,4.5287,2.0471,1.1875,0.0008,0.9441,1.1911,1.6066,1.0769,1.1418,1.1139,0.1702
1995-01-01,1.8,-3.51,2.59,-1.84,0.0,1.1066,2.3207,3.1918,2.2938,2.2048,-1.9907,-0.9191,-0.0897,-0.4292,0.2609,-1.3823,-2.3879,-0.5406,-0.0285,0.5912,-0.1406,1.2516,0.9635,3.9371,4.6626,2.7691,1.6709,3.5451,4.3476,6.4907
1995-02-01,3.63,-0.61,0.99,-0.47,-0.2,2.4426,3.8224,1.9633,2.2163,3.2976,3.4811,4.5122,3.4208,2.8009,5.9165,5.4058,5.6934,4.1939,4.8395,5.2637,4.3862,4.7534,5.0538,4.0774,4.8349,3.5546,4.6831,2.9146,3.6047,7.5757
1995-03-01,2.19,-0.2,-2.13,0.45,0.5,0.7663,1.5807,1.2794,1.0865,0.8022,4.5577,1.1513,2.7385,1.9727,1.9184,3.6868,2.2508,1.768,0.2144,1.0854,3.1749,3.4356,2.6236,1.44,0.6306,2.7306,3.9251,3.5669,0.4744,1.1671
1995-04-01,2.11,-0.51,1.67,1.8,-0.2,1.5341,2.902,3.3299,2.242,3.9593,0.028,1.5667,3.482,2.0994,3.5311,-0.1142,1.6927,1.9755,3.6249,2.0355,0.3855,2.1425,3.6995,1.0515,3.7429,2.7238,3.3025,2.6925,2.3646,5.9711
1995-05-01,2.9,-2.53,2.28,-0.55,0.7,1.5282,2.1927,1.8735,1.3174,3.178,1.1852,1.2379,1.6527,2.7263,2.5762,2.0959,-0.6547,1.8199,3.0288,2.9881,1.9239,1.5788,2.3845,3.4552,5.0637,3.8495,2.9118,4.3852,6.298,6.1654
1995-06-01,2.72,3.17,-2.54,3.01,0.8,7.9438,6.848,7.0659,5.0279,5.2106,9.8801,4.3654,4.5974,4.0402,4.7797,6.5418,3.1684,3.0868,3.1611,2.1738,6.652,3.2704,2.6504,2.5183,2.813,3.3656,2.611,0.1066,1.5432,1.5827
1995-07-01,3.71,2.09,-1.58,2.6,-0.3,7.3039,6.8396,5.1186,4.9206,4.9766,9.1515,6.5003,3.9287,5.1152,5.0085,8.1297,4.902,4.5039,3.7661,4.4946,8.0306,4.5953,3.9598,4.3292,3.6226,2.9956,3.927,4.0559,2.7344,3.4017
1995-08-01,0.55,1.31,2.68,0.05,0.5,4.1365,4.7315,4.316,3.7293,4.1467,0.7324,1.8049,0.7284,3.5914,3.4319,0.5037,2.1315,1.0503,4.2464,3.0852,0.1026,0.8228,2.5051,2.2636,4.4378,0.0734,0.3728,0.1906,2.7056,4.3724
1995-09-01,3.36,-2.16,-0.11,2.86,0.2,3.4452,2.8168,2.032,1.8791,2.4809,2.2334,1.3852,1.9855,2.9535,0.5578,2.1605,1.109,1.5493,1.973,1.0291,3.5126,2.0675,1.3504,2.0219,3.483,5.5287,2.5077,3.527,4.7456,7.1058
1995-10-01,-1.51,-3.8,-0.49,4.17,-0.4,-6.331,-5.7492,-4.8701,-3.6498,-2.7689,-6.9038,-6.7688,-5.4622,-4.9389,-5.0729,-2.7349,-3.8311,-2.64,-3.1487,-2.7795,-1.8081,-4.318,-2.2673,-0.8721,-1.1196,0.3605,0.7558,0.7892,-3.1983,-3.3851
1995-11-01,3.96,-1.12,0.52,-0.72,0.8,2.1326,2.4955,0.7402,2.3183,1.5341,4.9358,4.9635,3.8818,4.626,5.9429,6.3371,3.5027,3.8072,4.778,5.1378,4.306,4.9393,3.9843,4.7279,4.6705,4.8716,2.0393,4.8947,4.9509,5.3539
1995-12-01,1.04,0.66,0.24,2.48,0.6,2.4222,2.9216,1.7045,1.3309,1.4631,2.8807,2.2128,3.4155,3.2689,3.3367,1.2257,1.8338,2.8956,3.2865,1.4297,-1.4858,0.642,1.2253,0.2472,0.4044,1.1885,0.9499,3.8817,0.9966,1.4852
1996-01-01,2.26,-2.83,0.46,0.57,-0.5,1.5372,0.4245,1.3865,1.4805,0.8087,-0.1563,-1.2629,0.6593,-0.862,0.3891,-1.6753,0.3971,-0.1328,1.0032,0.8012,1.63,2.1328,1.6493,2.1008,1.2085,3.9699,2.5867,3.3743,2.9295,4.3258
1996-02-01,1.33,1.79,-1.05,0.57,0.8,3.884,1.0917,3.8552,1.8964,3.4915,5.432,5.7169,2.072,1.9514,1.3205,4.6929,4.0005,2.1663,2.5577,1.6162,5.4292,1.0876,0.4878,1.6553,-0.8796,0.5819,3.0463,1.4961,0.6027,2.9718
1996-03-01,0.74,1.43,0.42,-1.85,0.5,2.7839,3.7828,3.1612,4.0984,1.9836,1.9559,3.2139,0.9729,1.8474,3.9309,2.9344,1.0438,3.3547,3.2145,1.9585,1.2142,0.8591,3.0354,0.7508,2.1938,-0.056,2.1681,0.9239,1.7778,1.3612
1996-04-01,2.06,5.2,-3.97,-0.94,0.4,8.4767,9.7516,8.582,6.0244,5.6875,10.1676,9.132,2.5194,4.2759,6.4714,5.7558,4.6473,1.9961,1.2811,1.5941,6.3757,4.1554,3.8187,-0.2391,-1.8678,1.2794,3.2201,1.2419,-0.4336,-1.4111
1996-05-01,2.36,3.2,-0.9,1.62,0.1,8.5706,6.733,7.8494,6.3869,5.756,6.0885,4.4222,4.2858,4.8327,7.5531,2.7932,3.798,2.0889,1.3399,1.16,2.8479,0.367,0.4325,1.2663,1.6087,3.8805,1.3666,0.6942,2.9746,2.2019
1996-06-01,-1.13,-4.0,2.33,1.02,0.1,-7.7182,-5.6378,-5.1479,-2.5406,-2.8788,-6.8762,-3.7919,-2.5147,-0.8418,-5.525,-7.3219,-2.7506,-1.0405,-0.4011,0.1441,-4.3311,-1.62,-1.0941,0.3979,2.1837,1.4484,-0.9236,0.151,-0.8803,0.7029
1996-07-01,-5.96,-4.3,5.19,-0.15,0.2,-15.0268,-9.5945,-8.7007,-4.4839,-5.5244,-15.0373,-9.9011,-7.9752,-5.5876,-5.2929,-11.5166,-7.6491,-6.1167,-4.9005,-6.2475,-8.9282,-5.3981,-4.8763,-4.136,-4.693,-5.0134,-4.7917,-2.8778,-3.3778,-4.6591
1996-08-01,2.77,2.45,-0.82,-0.02,0.3,4.6142,5.1199,4.2664,3.8688,3.8458,7.8202,5.8252,4.1503,4.6538,4.7894,8.1959,5.745,6.1643,6.5235,4.5265,5.5745,5.2136,5.9182,4.921,4.0874,1.2676,3.0132,4.0983,2.1366,2.9697
1996-09-01,5.01,-1.02,-2.74,2.67,0.1,2.357,3.9618,1.6003,3.4826,2.6321,5.9541,2.9557,2.1465,3.8281,3.9749,8.0249,4.0824,3.2526,3.261,1.6496,5.6734,5.3899,2.5427,4.2309,3.47,7.2707,4.4769,3.6416,3.4251,4.9684
1996-10-01,0.87,-4.39,4.88,3.72,0.3,-5.6168,-2.7036,-1.4503,1.1103,0.9281,-5.3953,-1.4541,0.1544,1.9823,1.1143,-6.5755,-2.4682,0.2317,1.1203,1.5057,-3.9237,0.8279,2.2644,2.9812,3.3906,1.6608,1.1424,5.6155,5.5768,4.6019
1996-11-01,6.25,-4.04,1.4,-2.35,0.2,-0.5979,1.8958,3.2591,4.2677,4.2846,1.1139,3.8452,4.4282,4.518,3.8162,1.534,5.8615,6.2766,7.0593,3.9764,5.4239,5.4299,5.6379,6.7179,8.2978,7.4883,7.2096,8.2519,8.6856,6.6994
1996-12-01,-1.7,3.12,1.28,0.53,0.4,-0.2233,0.5883,2.4377,2.4391,1.7083,1.7008,2.0787,3.2079,3.2868,2.0619,-0.3039,0.641,1.7918,0.8803,2.1837,-2.0728,0.4265,-0.5627,-0.0103,1.9939,-2.0095,-0.4781,-2.5623,-2.6242,-1.2617
1997-01-01,4.96,-1.93,-1.44,1.87,0.5,6.3435,4.6521,6.7731,4.8322,4.0728,4.0518,2.7263,1.9268,0.923,1.7805,0.2157,3.9509,0.6116,2.9493,4.753,2.1594,3.6778,4.3217,1.9251,5.0162,7.6782,5.0839,4.9721,5.3784,4.0137
1997-02-01,-0.48,-3.16,5.61,-2.18,0.2,-5.9053,-5.2302,-2.4687,0.7713,0.6873,-8.9478,-2.8415,-0.6668,0.612,2.658,-6.3634,-1.7301,0.4085,1.5337,2.0282,-3.7422,1.1339,0.078,2.4983,3.7466,0.8133,-1.5718,-0.066,3.0265,4.9558
1997-03-01,-5.02,-0.33,3.39,0.88,0.3,-9.6115,-6.2062,-3.9635,-2.5576,-1.8929,-9.4067,-5.7741,-2.7941,-2.4792,-1.4728,-7.9605,-3.6046,-3.5423,-2.7462,-2.0353,-7.4527,-3.6609,-3.1804,-4.5199,-3.6789,-5.4917,-0.9056,-3.925,-5.8009,-5.6178
1997-04-01,4.04,-5.74,0.0,4.83,0.0,-5.1354,-3.951,-3.3753,-1.4213,-2.5178,-4.3795,-0.2387,-0.1463,1.8826,0.0871,-1.2362,2.4743,3.9179,3.2648,1.28,2.061,2.4583,1.9888,3.0713,1.983,7.961,2.4821,6.229,4.9844,1.3764
1997-05-01,6.73,5.12,-4.11,-5.19,0.1,12.5753,11.1792,11.0515,8.4541,7.9802,17.0976,14.764,9.8434,9.1649,8.5523,15.169,10.4701,7.8365,6.9501,7.0456,9.696,7.4311,5.5854,7.1565,6.9965,6.1198,7.1483,6.0522,4.3475,6.5452
1997-06-01,4.1,1.21,1.44,2.59,0.5,3.9427,4.6884,5.8493,7.1977,7.3816,2.7462,5.7003,5.887,5.4893,6.7854,4.2445,3.5419,5.1382,5.4152,5.2207,2.2359,3.7825,5.1076,2.5849,4.3212,4.7141,2.7025,5.1081,4.3558,4.0599
1997-07-01,7.31,-2.73,0.13,3.7,0.9,3.5717,5.1456,6.0325,6.208,5.6416,5.5802,5.1004,4.0456,4.7587,5.3787,4.8166,7.4068,6.751,5.3713,6.0176,7.0897,6.6717,6.4601,7.6941,5.6572,7.5638,8.9245,10.8379,6.406,8.094
1997-08-01,-4.1,7.15,1.13,-2.57,0.6,5.5477,4.9008,3.7275,3.4262,4.2396,3.4467,2.8362,3.8276,1.9056,3.7029,2.185,2.6539,1.5283,0.3166,1.0715,0.2686,0.1618,0.5377,-0.953,0.3958,-7.0409,-3.3292,-5.0063,-4.5033,-5.5263
1997-09-01,5.34,2.54,0.24,1.46,0.0,10.3088,9.8094,9.5662,7.6611,9.0164,7.4865,8.0169,7.0803,7.7591,7.2951,6.9736,6.6324,6.9892,6.9914,7.1006,5.2558,5.5387,5.4359,5.7445,4.0544,4.8886,5.3265,6.6187,6.1953,7.259
1997-10-01,-3.8,-0.71,2.33,-0.53,0.5,-5.7394,-3.6608,-4.1294,-0.6695,-1.1798,-5.9971,-4.969,-4.583,-3.0073,-2.5379,-6.4834,-3.1606,-3.8528,-2.5055,-3.1279,-6.4723,-6.1046,-2.7762,-4.4773,-4.6168,-2.682,-3.9278,-3.3616,-1.0036,-3.362
1997-11-01,2.99,-5.11,1.22,0.38,0.4,-3.2921,-3.4337,-2.5593,-0.1337,-0.2713,-3.4046,-2.6622,-0.4717,-0.2376,-0.1303,-3.3494,-1.915,0.8965,2.6116,1.5835,0.8277,-0.0036,4.2811,3.1772,3.4937,5.6435,4.2439,2.4544,4.9062,3.914
1997-12-01,1.33,-2.48,3.74,3.91,0.6,-5.8452,-2.9415,-2.0779,0.7169,1.3904,-1.1289,-1.6687,1.2746,3.9791,2.1872,0.895,0.0398,2.3805,4.5816,3.2218,-1.6443,2.0434,2.8993,5.8884,1.1587,1.3247,1.8266,3.3844,4.6645,3.0148
1998-01-01,0.15,-1.01,-1.68,0.05,-0.1,0.2811,-0.8501,-1.5376,-0.5395,-0.7748,0.369,-1.896,-1.7854,-2.0938,-1.9421,-0.7351,-0.7536,-1.8069,-4.4544,1.6617,-1.3139,-0.5191,-1.9475,-1.8648,1.252,3.6527,-0.5316,-3.2445,-0.0477,0.4601
1998-02-01,7.03,0.13,-0.93,-1.19,0.6,6.3703,6.8942,5.539,5.1309,6.5111,8.8039,8.5681,9.2554,6.3909,7.3892,9.1868,9.7263,6.8571,7.6439,8.7373,9.4368,7.6912,7.0468,6.1042,6.1586,6.8024,7.1108,9.6327,7.3372,7.3356
1998-03-01,4.76,-1.19,1.38,2.13,0.4,4.498,6.2291,4.9267,4.6324,5.0095,4.4599,6.3908,2.932,3.9485,4.7846,4.4484,2.9969,5.2889,3.6656,5.7973,3.6659,5.083,5.0766,4.4256,7.6845,5.202,3.7078,5.576,8.5147,7.137
1998-04-01,0.74,0.06,1.03,0.76,0.5,2.427,2.5934,3.6147,2.1101,2.7965,-0.0312,1.3164,0.7106,2.2295,1.9969,1.4045,0.201,0.214,0.2384,0.8291,0.1282,-0.0905,0.0101,0.8332,0.4889,1.0083,2.2497,1.1698,2.5616,-0.7286
1998-05-01,-3.07,-3.4,3.41,1.91,0.7,-6.8772,-6.3633,-3.9968,-3.2426,-2.295,-9.0415,-6.279,-4.9332,-3.524,-2.6161,-7.6855,-6.1601,-5.0858,-4.5405,-2.4247,-4.9775,-2.9617,-3.3501,-3.0109,-3.5852,-2.3004,-1.5006,-1.7026,0.7039,-1.2857
1998-06-01,3.19,-3.17,-2.03,7.26,0.7,-0.2835,1.1143,-2.7902,-0.3996,-1.1504,1.9822,-2.2654,0.239,-1.0254,0.196,3.749,-2.0198,-0.8256,-0.0635,0.2391,1.309,-0.5833,0.1763,1.6135,0.8176,7.0709,1.5923,2.3963,5.1279,0.7498
1998-07-01,-2.42,-4.83,-1.83,3.79,0.1,-7.5859,-7.1925,-5.8063,-6.2948,-5.5081,-7.7371,-7.4267,-7.7664,-9.106,-7.0759,-7.9056,-7.5142,-7.8014,-8.0478,-8.7004,-6.0963,-4.6096,-5.7131,-5.3829,-4.0827,0.4594,-2.4637,-1.3102,-2.8549,-2.4939
1998-08-01,-16.05,-5.47,3.57,1.9,0.5,-28.0082,-21.4465,-20.2997,-19.1488,-18.4778,-25.3329,-20.3631,-17.6399,-16.0338,-18.6318,-22.8458,-21.6437,-17.6077,-16.2959,-18.486,-19.8122,-18.6923,-18.2094,-11.8864,-12.6622,-12.9642,-16.9683,-17.7298,-15.5614,-12.573
1998-09-01,6.19,-0.02,-3.51,-0.65,0.7,7.1655,3.467,3.6392,3.5826,1.5481,12.6676,8.2,5.1632,4.3544,5.7215,11.4165,5.3139,8.3701,4.9229,2.5943,5.6566,7.136,6.7253,6.1295,6.1219,8.541,3.8726,2.8947,3.9459,9.7833
1998-10-01,6.98,-2.98,-2.33,-5.33,0.3,3.3522,3.3009,1.1229,2.9131,1.0943,5.3631,5.7304,3.6437,3.0366,2.0131,3.8993,6.4832,4.9172,3.5178,3.974,8.6532,9.293,6.4653,4.4913,3.4023,7.8418,7.8835,8.5849,8.2828,3.2383
1998-11-01,6.07,1.26,-3.24,1.13,0.3,10.6173,8.474,6.1135,6.3256,8.7453,9.1106,7.2129,3.9767,3.8339,6.388,9.3349,6.6211,2.7638,2.9953,3.0578,7.6243,2.2458,4.274,2.8283,4.3471,7.3633,6.0792,5.5577,4.9483,4.8269
1998-12-01,6.15,-0.46,-4.25,8.87,0.8,5.1491,1.2849,2.83,1.7251,1.2221,7.1462,5.483,3.267,4.331,5.019,11.3118,8.1807,3.6953,4.5749,3.0915,10.2468,5.3732,3.7241,3.3138,2.3602,8.895,2.3436,2.7919,2.8904,5.0262
1999-01-01,3.48,0.67,-4.46,2.84,-0.1,7.7109,5.9439,4.9,4.054,4.1225,6.3769,0.7878,-1.8899,-2.7141,0.7931,4.8925,0.5128,-1.3816,-2.031,-1.1328,1.5983,-3.5244,-1.7025,-3.6214,-2.3012,5.9903,1.4312,2.1379,1.5761,0.179
1999-02-01,-4.08,-6.02,1.95,-0.14,0.5,-7.8133,-8.2238,-6.2125,-5.5715,-5.6767,-9.243,-9.5678,-7.4702,-7.8764,-10.7683,-8.7896,-8.8518,-6.3094,-5.731,-6.3109,-5.6196,-4.6623,-3.2416,-4.4571,-1.6659,-4.714,-0.7197,-0.0101,-0.8285,-1.2803
1999-03-01,3.48,-3.84,-2.61,-1.21,0.5,-1.9733,-7.3071,-1.0347,-3.7621,-2.8415,0.0336,0.7617,0.1439,0.0371,-3.801,4.9731,1.9864,2.1041,-0.8469,-0.0555,3.8377,4.0674,1.7482,0.4561,-0.3585,4.3966,3.1082,4.5239,3.4152,2.143
1999-04-01,4.34,3.89,2.4,-8.98,0.6,7.6532,9.3996,12.8698,11.3551,8.5678,10.8472,10.8167,7.0932,8.5053,7.3751,7.6051,12.6215,8.9613,11.1381,8.3828,5.9276,11.6423,7.7879,11.7397,8.8819,0.7752,8.7991,7.4213,6.0063,2.4029
1999-05-01,-2.46,3.32,2.49,-5.25,0.5,1.8583,3.6293,2.154,2.1296,4.1159,0.7631,0.3397,2.8526,4.3345,3.6375,-0.5371,-0.027,0.6953,2.0915,2.6517,2.4519,-0.5995,1.6168,1.9439,1.7045,-3.2823,-1.5303,-2.1162,-0.7082,2.8338
1999-06-01,4.77,3.23,-3.22,4.66,0.4,6.6715,7.9625,8.952,5.3379,6.0453,8.1664,7.3692,6.8805,4.5634,6.8845,4.8144,5.8553,2.9305,1.3596,6.7572,7.302,7.8419,2.8294,3.8785,3.4497,7.0009,2.9543,2.7508,0.0619,-0.0298
1999-07-01,-3.49,2.48,-0.18,1.7,0.2,1.0507,2.3705,1.6269,1.2623,1.607,-1.4758,-0.7413,-0.9573,-1.8155,-3.8119,-2.8492,-1.9328,-2.4252,-1.3291,-1.7922,-2.7957,-1.6829,-1.8132,-1.318,-0.8346,-2.9149,-4.2428,-5.1048,-2.3602,-8.5048
1999-08-01,-1.37,-0.95,-1.93,2.98,0.5,-3.2226,-2.0401,-1.8473,-1.6801,-3.5713,-2.6624,-4.0605,-4.8549,-2.8026,-4.2716,-1.9745,-5.7351,-3.76,-3.7408,-0.6892,-1.2839,-4.7798,-2.3753,-2.4255,-7.0817,0.6106,-2.4147,-3.1383,-4.303,-1.3872
1999-09-01,-2.77,3.12,-2.9,6.38,0.5,1.5148,-0.3306,-1.0068,-2.0449,-3.9838,-0.5153,1.5546,-0.8158,-2.103,-1.6716,4.0326,1.0195,-2.3999,-3.2351,-1.4122,1.5252,-3.8664,-3.1081,-4.9345,-1.9893,-2.0485,-3.4914,-6.4751,-8.7351,-7.2226
1999-10-01,6.09,-6.94,-2.88,5.45,0.2,-0.4232,-0.5587,-0.7879,-0.9417,-2.6362,2.6246,-0.783,-1.3653,-1.0162,-5.1693,2.1887,0.4127,-0.8013,-1.6899,0.411,7.6038,1.3461,2.0173,4.5005,4.3143,6.2344,10.3044,7.7932,4.8393,7.5978
1999-11-01,3.41,6.87,-5.65,5.49,0.5,19.1233,12.7881,9.6911,7.6282,6.6471,11.9728,9.3801,4.6558,3.3819,2.9098,11.6859,7.5588,-1.0217,0.0441,-0.0857,11.7715,-0.2444,-1.2821,0.4921,3.7278,4.1169,0.1272,-3.3956,-4.9858,1.3106
1999-12-01,7.66,6.56,-7.66,13.14,1.2,24.3643,26.3654,7.7241,12.4526,7.4093,17.2589,12.0092,4.4278,4.1638,6.5232,15.1592,9.4857,0.1991,4.3969,3.4057,21.021,5.1343,0.7335,6.9516,3.4741,7.6911,4.5591,-0.5868,0.9016,0.1876
2000-01-01,-4.74,5.16,-1.12,1.86,-0.2,9.6769,6.2783,4.5476,3.5375,4.6712,0.7449,-2.4222,-2.6019,0.5586,-3.0117,-3.2054,-4.5073,-1.29,-4.6082,-5.7061,-3.9348,-2.9107,-4.0189,-4.0847,-8.9771,-4.7773,-4.0986,-5.2714,-6.0366,-5.8602
2000-02-01,2.46,21.25,-9.77,18.02,0.9,36.3894,43.5163,20.4192,26.0642,14.8022,30.6694,19.35,3.6528,9.1831,14.3012,22.6034,13.2867,0.8411,0.431,-1.3241,25.8131,1.164,-2.3353,2.9549,-3.2163,0.3456,-5.5942,-7.9083,-9.7946,-8.1586
2000-03-01,5.21,-17.41,8.5,-6.85,0.5,-13.7256,-19.2332,-7.9198,-7.464,-2.5031,-13.7064,-6.2464,0.6149,-0.5188,-2.6817,-12.7794,-1.7508,10.756,6.003,13.4854,-2.9819,12.3506,14.4446,10.2665,12.7271,9.2029,11.4515,10.1183,16.826,18.0651
2000-04-01,-6.39,-6.0,6.45,-8.6,0.0,-22.8439,-18.3731,-10.1195,-10.921,-9.7758,-13.1391,-8.7097,-6.027,-1.6197,-2.5337,-10.027,-0.5184,-1.3608,2.8685,0.2572,-6.9406,-3.7791,2.5734,0.9181,1.3364,-4.142,-2.7682,0.5635,1.1705,-4.1783
2000-05-01,-4.39,-6.08,4.59,-8.99,0.4,-14.1056,-9.2606,-5.7789,-7.4446,-7.0063,-9.6602,-5.6171,-5.5292,-6.7414,-1.4492,-5.2282,-2.8517,-1.9899,-0.4384,2.8168,-7.9225,-0.6041,-0.2629,-1.6176,1.2712,-3.5181,-1.4494,4.9516,1.3225,6.8187
2000-06-01,4.68,12.71,-8.04,16.63,0.2,27.9663,28.884,17.4954,19.0034,10.095,14.632,11.736,3.3475,4.4161,9.7251,14.7506,2.5846,0.8589,-0.8552,2.0647,10.7586,3.107,-3.8498,-2.9175,-4.4611,5.5181,-4.611,-6.348,-6.9055,-4.8573
2000-07-01,-2.48,-2.84,8.06,-0.16,0.1,-8.7124,-1.2359,0.715,1.215,1.3435,-7.1668,-1.6778,1.4883,1.3103,0.8479,-9.6714,-1.0217,4.2789,2.273,7.1622,-6.8306,-1.0743,2.9162,1.8218,1.851,-2.9311,0.5374,4.4215,6.3138,2.3143
2000-08-01,7.03,-0.5,-1.37,5.59,0.5,9.1654,8.4639,4.0065,5.5057,5.2617,8.228,4.6861,3.9881,6.3581,6.8451,8.4664,10.2512,6.3428,6.93,7.1473,13.7074,6.0951,6.4216,7.2257,6.746,7.3452,6.7094,8.5976,6.4489,5.698
2000-09-01,-5.44,-1.74,7.24,1.89,0.8,-10.5713,-0.8189,-3.2559,-0.296,-0.5701,-4.1264,-4.2481,-0.03,-1.548,-2.085,-10.1711,-3.0626,-0.4376,2.8041,1.8549,-9.2772,-0.8682,-0.295,2.0396,-0.692,-6.122,-2.5081,1.3128,9.2925,-1.6395
2000-10-01,-2.78,-3.85,5.58,-4.56,-0.1,-11.8089,-10.5198,-3.5014,-4.9233,-4.6176,-9.2616,-0.4513,-0.5415,-0.5834,-1.5994,-10.4741,-1.9043,0.4614,-0.8876,2.4558,-6.0979,2.148,2.1497,-2.133,4.0013,-2.0254,2.3415,-3.8984,1.9002,3.3945
2000-11-01,-10.7,-3.08,12.24,-2.17,0.1,-20.6747,-12.5742,-6.2007,-4.9886,-4.5568,-18.0237,-6.7961,-2.493,-5.0189,-2.7432,-20.279,-6.5313,-5.389,-0.5644,1.5496,-18.6519,-2.0505,0.7984,1.356,0.9209,-10.518,-6.3597,-7.8455,-0.2688,0.1051
2000-12-01,1.18,0.82,7.55,6.59,0.5,-9.5677,1.1548,0.6186,3.2512,2.7546,-0.2993,6.4078,11.8595,10.6931,12.3947,2.0186,14.1458,10.4046,13.0153,11.1663,3.9877,8.3794,11.7532,13.2408,11.3009,-1.5072,8.677,5.627,7.7186,0.8439
2001-01-01,3.25,6.41,-5.05,-25.35,0.0,26.9306,17.8155,12.7366,12.2423,12.8175,14.1418,7.9144,4.4498,6.273,5.3773,13.0553,2.8221,0.308,-1.199,2.9444,7.2883,1.8318,-0.458,-3.5086,6.7914,3.4497,2.461,8.1442,-4.7259,2.7202
2001-02-01,-10.03,-0.65,12.23,12.6,0.0,-13.0241,-10.2034,-2.4399,0.4225,-0.2205,-13.8644,-2.2707,-0.4169,-2.9142,1.587,-17.1088,-4.0548,-0.9424,1.691,-0.8219,-15.0653,-2.4805,-0.1639,0.2041,1.8777,-11.9579,-2.2713,-2.7394,3.0697,2.394
2001-03-01,-7.25,0.26,6.47,8.65,-0.1,-12.619,-1.2275,-1.442,0.042,-1.74,-5.6509,-0.7892,-1.403,-1.9499,-1.4336,-11.6676,-5.2587,-3.1091,-2.7894,-1.238,-12.0928,-3.5856,-1.1957,-1.2359,0.025,-8.5851,-2.1693,-0.5281,-3.0648,-2.6416
2001-04-01,7.93,0.5,-4.64,-8.01,-0.1,9.7283,6.722,3.6769,4.4497,5.2348,10.6753,5.0559,6.9088,4.3249,4.9961,11.1608,9.0333,6.463,6.0472,3.5782,16.6329,7.3344,5.6962,8.2164,7.8239,9.078,5.2047,3.9808,2.1893,7.4823
2001-05-01,0.68,2.48,3.38,2.15,0.4,12.5495,11.1912,10.1998,11.4022,10.1568,1.792,4.3984,2.6948,4.1699,5.7344,4.9488,-0.4465,2.9729,1.365,1.7927,3.699,4.2319,3.3427,0.584,4.6293,0.0023,1.2131,2.2493,4.243,5.6346
2001-06-01,-1.94,6.35,-1.26,0.62,0.1,2.1968,2.3167,4.5062,2.9495,0.9251,7.4005,10.5039,6.2201,6.4141,4.8194,5.3886,-1.1473,1.2487,0.3512,0.9318,3.4385,-1.4111,-0.8,-3.6356,2.8229,-2.2046,-3.3402,-0.2263,-2.2471,-2.6916
2001-07-01,-2.13,-4.05,4.95,5.48,0.2,-8.8912,-7.1735,-4.2023,0.3115,-0.09,-10.6589,-7.716,-5.8554,-3.5423,-4.1476,-9.3397,-4.5873,-2.1657,-0.0439,-0.8323,-4.5009,-1.1072,-0.6761,1.8403,-0.877,-1.5494,-0.0265,-1.5055,-4.9584,7.3672
2001-08-01,-6.4,2.19,2.86,5.46,0.6,-8.9329,-5.5911,-3.2609,-1.6129,-0.982,-10.1375,-4.0032,-3.0626,-1.4785,-1.0713,-7.3881,-2.8999,-2.6527,-2.155,-0.2298,-6.9222,-4.2902,-3.6253,-1.4447,-9.1105,-7.2436,-4.0512,-2.8724,-7.4135,-8.3494
2001-09-01,-9.24,-6.23,1.52,11.38,-1.3,-16.518,-15.3929,-9.9558,-9.9388,-12.7199,-18.7831,-15.6037,-12.7404,-14.953,-16.3664,-15.7718,-13.3501,-11.3828,-13.7872,-18.6918,-15.9272,-13.1156,-10.3235,-14.175,-15.0187,-7.1597,-10.9104,-7.1166,-11.1288,1.6444
2001-10-01,2.48,7.49,-7.31,-8.32,2.6,8.7881,8.0519,5.8754,5.1421,4.564,11.3391,8.5983,6.0412,3.0102,5.1245,13.3861,6.3806,3.5851,5.1308,8.7705,8.1624,4.1212,1.45,3.4732,1.9894,3.2924,-0.2382,-1.8928,1.8246,-14.6383
2001-11-01,7.53,-0.57,2.17,-8.61,-0.4,6.1341,10.8947,5.2262,5.6071,6.624,10.2446,8.0769,6.6291,9.319,12.2289,9.6718,6.0428,6.0702,9.7016,13.0402,10.2928,8.6412,6.7882,10.2501,8.4701,7.5761,8.4115,4.7295,11.0388,11.2876
2001-12-01,1.61,4.72,0.83,0.02,-0.1,12.9067,6.0814,5.9284,5.5907,7.2941,8.0633,5.6778,6.5976,7.8599,7.2899,5.8098,5.9806,7.5042,5.5123,4.9722,3.7621,5.2351,4.9409,6.7045,3.3574,0.0156,2.6181,3.639,0.4628,1.3083
2002-01-01,-1.44,1.17,3.42,3.65,0.2,-7.075,-1.4658,2.394,3.3651,5.0065,-6.3238,-2.7077,-0.1681,1.368,1.1993,-5.2391,-2.0268,-0.651,2.3277,5.0925,-4.0455,-0.1288,1.2509,2.2548,-3.5551,-0.8249,-2.3102,-0.535,-1.6307,-9.1876
2002-02-01,-2.3,-1.08,2.34,6.83,0.4,-10.5138,-5.8868,-4.4184,-1.2831,-3.1928,-9.6917,-4.386,-1.3407,0.6299,-0.059,-7.2562,-0.5797,0.2394,-0.4002,4.2774,-4.1225,0.8152,2.5651,-3.9155,2.2289,-2.6238,0.5167,0.439,-3.477,-12.7631
2002-03-01,4.24,4.09,1.08,-1.69,0.0,5.8754,7.4958,8.4881,8.3398,9.2047,8.7968,9.2597,7.3777,8.0938,11.3512,8.7845,6.7229,6.8379,7.6227,9.0625,6.5413,6.9889,5.8282,5.1272,8.2385,2.9742,6.0731,3.547,8.8511,0.1129
2002-04-01,-5.21,5.82,4.01,7.7,0.5,-9.7734,-0.5012,1.9475,3.6425,5.0299,-4.7881,0.3821,3.653,3.9059,4.9079,-5.2157,0.9084,2.2681,0.8938,0.648,-2.9949,0.2977,-0.2623,-1.8168,1.2585,-7.9868,-2.9175,0.9584,-2.3226,-22.1463
2002-05-01,-1.36,-3.27,1.52,3.09,-0.4,-6.6419,-5.9566,-3.1989,1.3963,0.2191,-7.9253,-4.1695,-4.7178,-3.2493,-6.6234,-6.0349,-2.816,-4.0691,-2.8034,-2.0043,-2.8427,-0.4965,-0.9422,-1.0271,0.2946,-1.3287,0.4547,0.6388,1.0067,-7.7069
2002-06-01,-7.23,4.08,0.37,6.24,0.3,-8.2517,-7.8868,-0.8805,1.0262,-1.0668,-7.768,-4.1778,-2.8398,-1.6905,-3.2267,-7.6693,-7.6311,-4.9573,-5.1996,-5.9517,-9.6599,-7.0091,-7.1645,-5.8566,-9.0717,-7.579,-4.7192,-6.7928,-10.0278,-11.4479
2002-07-01,-8.19,-5.25,-3.51,3.63,0.7,-19.4801,-15.4944,-14.9596,-11.5038,-12.0413,-15.2408,-16.6356,-14.0787,-15.3421,-18.2952,-9.7756,-8.856,-11.8637,-12.1979,-17.4632,-9.7826,-8.745,-9.3073,-12.2942,-18.2454,-5.4848,-10.2541,-7.1703,-10.4472,-14.6754
2002-08-01,0.5,-2.8,3.01,1.87,0.1,-0.1373,-0.389,-2.6218,-0.822,-1.7606,0.7889,0.1804,-0.3748,1.1205,-1.3532,0.896,-0.6331,2.6949,1.5092,2.283,-1.2651,-0.1311,1.6597,-0.0158,6.6553,-0.1306,0.924,1.7436,5.3081,8.3212
2002-09-01,-10.34,2.42,1.26,9.18,-0.5,-10.6479,-8.4026,-7.7767,-7.0067,-6.8021,-8.0444,-6.478,-5.8699,-7.3145,-9.3199,-7.6242,-8.543,-9.5149,-7.8643,-9.0527,-9.0325,-8.5386,-11.8308,-10.8312,-21.7424,-10.8651,-11.2524,-9.2718,-8.571,-6.1953
2002-10-01,7.84,-3.4,-3.76,-5.58,0.4,5.817,4.5233,2.7008,2.0311,1.5206,10.2258,2.5326,4.1139,1.5574,-1.3809,7.3502,2.6928,5.4365,3.3524,1.1012,7.0125,4.717,3.8342,3.3606,4.7484,10.3647,6.9862,4.6846,5.9407,14.1328
2002-11-01,5.96,3.26,-1.16,-16.43,0.3,17.8132,12.6759,10.2545,8.4982,9.2358,13.2245,10.9837,7.5702,6.0261,8.8661,9.2486,7.4397,6.5921,5.5016,11.6523,10.5488,7.668,7.5461,6.9125,17.8959,4.9571,6.0858,4.4747,6.3004,7.0504
2002-12-01,-5.76,-0.04,2.11,9.72,0.7,-9.7727,-5.7195,-5.2049,-2.6016,-2.6696,-10.2207,-7.2347,-4.4497,-3.6509,-3.6961,-7.3219,-4.4062,-2.7423,-3.8423,-6.7699,-6.9156,-5.0934,-2.5357,-3.2326,-3.6938,-6.2427,-6.2005,-3.3383,-3.795,-9.7391
2003-01-01,-2.57,1.34,-0.79,1.59,0.0,-0.5622,-0.2725,-2.3745,-0.5188,0.2386,-3.265,-3.1171,-3.383,-1.563,-2.5606,-1.4682,-4.0779,-3.3372,-3.7907,-2.6272,-1.1388,-3.4326,-0.54,-2.4763,-5.0986,-2.8215,-2.7116,-1.1602,-5.1275,-5.5856
2003-02-01,-1.88,-0.44,-1.36,1.21,-0.3,-6.1117,-3.0991,-2.4659,-1.5253,-2.1487,-2.6315,-1.6521,-2.129,-2.6905,-5.7044,-4.101,-1.0161,-2.2273,-3.9383,-2.686,-2.8041,-1.5505,-2.1187,-1.7034,-5.5579,-1.0793,-2.7413,-2.4215,-3.4365,-4.9207
2003-03-01,1.09,1.17,-2.11,1.4,0.6,2.4135,1.1616,0.5948,2.1077,0.0167,2.2765,1.3701,0.5046,1.4793,-0.3584,2.8826,0.8287,-0.1472,-0.4419,3.6281,1.5294,-0.4751,0.413,2.2464,-4.4943,1.7086,0.4975,0.8505,-0.643,-2.9494
2003-04-01,8.18,0.76,1.22,-9.35,0.5,12.0014,10.7894,8.376,7.64,9.6398,10.9871,9.4528,9.2121,9.5519,10.1564,8.3325,8.0211,10.7673,11.6398,10.163,8.7045,7.0186,9.2793,8.55,9.0993,7.3132,9.5945,8.8043,8.8223,14.8181
2003-05-01,6.05,4.61,0.7,-10.75,0.3,19.5403,15.5143,11.1925,10.7619,11.2877,13.0253,9.4653,11.2696,10.0993,11.3989,8.5535,8.956,9.6751,9.4753,9.2535,9.7616,10.5836,8.2129,10.0833,9.953,4.2374,6.561,6.7839,6.706,7.8462
2003-06-01,1.42,1.7,0.14,-1.23,0.5,7.5443,4.0502,4.8092,4.4223,5.6135,1.8821,0.7016,1.3522,2.0796,3.4328,2.5887,1.6741,0.4807,1.1966,2.0494,1.7426,0.8825,0.2105,-0.6117,7.1292,1.0081,2.4522,1.9197,-0.7965,3.6635
2003-07-01,2.33,4.93,-1.53,-0.3,0.5,8.5891,8.4226,8.4676,8.7621,8.1457,8.8314,5.3636,5.9201,6.6316,7.7585,7.4419,4.6915,1.326,4.4423,2.445,4.0276,3.4307,3.0997,5.0101,2.0426,0.6261,5.4221,1.8459,-0.4287,1.6269
2003-08-01,2.33,2.44,1.64,-0.53,0.9,4.415,4.9655,3.5157,4.5771,6.3445,4.0049,3.2021,5.4158,4.94,6.0007,3.988,4.1336,4.8732,7.3852,7.785,4.6646,3.6863,4.1118,4.8947,9.3991,1.5688,1.4238,2.0364,2.4463,1.3199
2003-09-01,-1.24,0.85,0.14,-0.07,-0.3,3.5252,0.3826,-0.1279,2.0958,4.8728,-2.1029,-2.1288,-2.5999,-3.9153,-0.797,-1.9724,-3.3181,-2.2443,-1.1999,-0.7238,-1.5221,-2.5541,-0.7614,-1.1526,0.3164,-0.8861,-1.0859,-1.1063,-2.2194,-4.5547
2003-10-01,6.08,2.59,2.21,4.01,0.2,5.7436,8.6748,7.7462,10.4933,11.5739,8.2458,8.3877,6.7381,10.1946,10.827,9.0372,6.6626,5.875,10.9696,12.6033,7.6299,7.8367,7.2008,9.653,8.2152,3.4965,8.9015,8.0569,6.2939,2.7794
2003-11-01,1.35,2.06,1.72,1.36,0.6,2.7926,3.0925,5.1873,3.8191,6.6921,2.527,3.716,2.8398,3.7117,3.7003,3.789,3.1442,2.2151,4.9327,2.4979,1.2944,3.1911,3.748,3.446,4.5095,0.7864,0.4556,2.0796,0.3011,3.2305
2003-12-01,4.29,-2.68,1.51,-5.54,0.1,0.2425,2.7945,3.1163,1.4894,3.6811,2.11,1.9354,3.2533,2.5821,2.7189,-0.7229,2.6069,4.3983,2.2282,5.6274,1.1245,3.4578,2.305,4.9589,3.1094,5.3222,4.6391,3.7022,6.2784,4.791
2004-01-01,2.15,2.54,2.42,2.57,0.3,6.1711,5.3493,5.542,6.1121,8.7408,3.5949,3.6949,3.3439,3.3978,7.8983,3.3152,2.2147,1.4739,4.4263,5.8024,2.3066,1.0851,4.3906,2.7168,5.1804,1.7302,0.1054,3.5595,1.6579,6.8544
2004-02-01,1.4,-1.57,0.95,-1.17,0.2,-0.2305,0.0336,0.2677,0.8821,0.2501,1.0034,2.2155,0.5882,0.1338,-0.1282,-0.0882,2.9163,2.9662,1.9845,1.3099,2.513,1.5082,2.8646,3.8072,0.7018,1.1317,1.1005,2.7377,0.8379,5.4939
2004-03-01,-1.32,1.73,0.23,0.19,0.6,-1.4206,-0.7523,-0.6561,0.7081,-0.7902,2.4472,1.1406,0.2892,0.6013,1.6855,1.8318,1.5493,-0.0079,0.3301,0.8752,0.1173,-0.5389,0.3999,-0.729,-0.9554,-2.1442,-1.1262,-1.2199,-0.5689,-1.0886
2004-04-01,-1.81,-1.73,-3.23,-5.34,-0.1,-4.1156,-4.7547,-3.8623,-3.9612,-6.2631,-3.9925,-4.333,-2.3942,-4.3111,-8.3564,-2.0799,-2.0316,-2.7009,-6.2377,-6.4709,-1.6954,-3.9621,-4.4326,-2.9504,-3.1859,0.6777,-3.1226,-4.4391,-2.3556,-1.7671
2004-05-01,1.18,-0.23,-0.18,1.49,0.5,-1.9415,-0.5408,-0.202,-0.6881,0.6262,1.031,2.0528,1.215,1.7126,2.317,1.5702,2.0349,1.7678,1.6523,1.542,1.3069,2.212,2.2825,1.7929,4.1238,0.8196,2.0017,1.1705,0.1021,1.2395
2004-06-01,1.85,2.25,1.21,2.08,-0.5,0.7177,4.5148,4.3384,3.5753,4.011,3.651,5.1496,5.7328,5.3438,7.6229,2.0134,4.5572,2.4953,1.3599,3.8917,1.1975,3.2312,1.9338,3.383,4.2538,1.8121,0.6889,0.4304,2.9127,2.2546
2004-07-01,-4.04,-3.76,3.22,-2.24,0.9,-12.7477,-7.335,-7.2123,-5.5515,-4.394,-8.6108,-8.6744,-4.8954,-5.2924,-4.516,-9.122,-5.711,-3.6465,-3.4099,-3.71,-6.7241,-5.0581,-3.4783,-5.5648,-3.4968,-4.9003,-0.6372,-1.6015,-2.805,-0.891
2004-08-01,0.07,-1.52,1.08,-1.55,0.4,-1.7682,-0.3012,-0.9774,-1.4562,-1.783,-4.6554,-1.5615,-0.5476,0.8433,1.0527,-2.819,-0.4198,0.3747,1.0498,-2.1999,-0.817,-1.2317,0.3457,0.3941,0.7682,-0.2658,1.4963,1.268,0.9963,-0.1083
2004-09-01,1.6,3.01,-0.05,5.48,0.6,4.7611,4.8783,4.5352,4.9058,3.692,8.0857,6.2614,5.6014,3.9344,3.7159,4.1849,4.1571,3.758,2.8896,4.8861,3.0858,3.057,5.1261,3.1347,2.3898,0.1398,1.2459,2.4442,1.8358,3.6059
2004-10-01,1.42,0.13,-0.26,-1.43,0.2,1.7057,2.4034,2.5669,1.2825,0.4364,3.3909,3.0829,1.1189,0.853,2.3106,1.5865,3.573,2.3354,0.0218,2.3197,3.2467,2.8977,2.1364,1.7625,-0.5441,1.3629,0.6077,2.7675,0.6215,2.5479
2004-11-01,4.53,3.74,1.57,3.08,0.2,10.7598,8.6444,8.688,7.9837,8.7571,7.204,9.4274,9.4765,9.1776,9.6158,7.0181,5.7565,7.9859,6.2985,9.4864,5.7641,7.3675,6.7527,6.8522,7.6987,3.0976,4.2539,5.2173,3.649,6.0568
2004-12-01,3.42,-0.03,-0.23,-2.85,0.7,5.1335,4.6153,4.4043,2.9818,5.7606,3.6587,3.6132,2.3643,2.4728,3.201,5.405,3.3627,2.1644,1.9101,2.6288,4.4139,4.1702,4.2087,4.0389,3.6715,3.7549,2.3639,2.4883,5.5069,2.7737
2005-01-01,-2.75,-1.66,2.06,2.96,-0.2,-6.0829,-4.3526,-4.2344,-3.341,-1.2652,-5.4753,-4.2211,-2.1563,-2.7738,-2.8424,-3.4137,-3.957,-3.7222,-0.2737,-2.8703,-3.0284,-3.5636,-2.6435,-1.9331,-2.5934,-3.0397,-1.9596,-1.1508,-1.9184,0.3743
2005-02-01,1.88,-0.57,1.41,3.43,0.4,-1.2593,0.0042,-0.2707,0.7485,3.0388,2.6049,1.9304,3.6189,3.2901,1.9104,1.0554,2.2888,2.8345,1.669,4.0613,2.1747,2.3317,3.7497,2.623,3.1614,0.9443,4.4574,2.2981,0.719,4.8745
2005-03-01,-1.94,-1.41,2.07,0.43,0.2,-6.1515,-2.3013,-3.1318,-2.8362,-2.7136,-4.1894,-2.4231,-2.6622,-0.477,-0.3155,-1.7385,-2.1607,-2.3049,-2.394,-0.9626,-1.9634,-0.9139,0.1085,-1.217,-0.9866,-1.1065,-3.8896,-0.6996,-0.145,-0.3397
2005-04-01,-2.61,-3.93,0.05,-0.68,0.6,-6.0809,-6.2852,-5.6095,-6.2631,-6.1546,-7.698,-6.1401,-6.2841,-6.1171,-4.9499,-5.1444,-4.5614,-5.2523,-4.2431,-4.8389,-4.1227,-4.4648,-4.7964,-3.0435,-1.9362,-1.1429,-1.8884,-2.6892,-1.1919,-2.6223
2005-05-01,3.65,2.86,-0.58,0.37,-0.1,6.8352,6.6383,5.168,4.1377,4.7744,9.2765,8.1476,7.3545,5.5201,7.0837,6.213,6.1437,5.4294,4.3135,7.0889,6.0761,6.1465,4.5914,6.1746,5.3844,3.8695,2.0884,1.9763,2.5259,4.2173
2005-06-01,0.58,2.56,2.8,2.07,0.9,4.0605,3.8465,3.6357,4.433,5.46,2.0816,4.2964,4.1257,4.3139,5.3116,1.7145,2.8144,2.7063,4.1182,3.7036,1.1638,2.4174,3.6138,4.4086,3.1262,-1.6382,1.1376,2.1385,1.3843,3.2833
2005-07-01,3.92,2.87,-0.78,0.03,0.7,7.5029,8.2304,6.7144,6.7527,6.8305,7.3091,6.6324,7.8346,5.9883,5.5394,4.8272,6.5473,6.0204,5.738,3.4987,6.1929,5.3732,5.1743,5.6587,4.2093,4.5205,3.2195,1.9177,2.4423,4.1912
2005-08-01,-1.2,-1.07,1.34,2.07,-0.4,-2.8379,-0.7941,-1.1655,-1.0736,-0.5257,-2.1775,-1.4341,-1.1084,-2.218,-1.6476,-2.4703,-0.775,-0.8828,-1.0373,-1.0382,-2.2283,0.0355,0.3252,1.6249,-1.7582,-1.491,-1.095,-0.2886,0.5429,-0.1655
2005-09-01,0.48,-0.62,0.78,3.46,-0.4,1.1286,1.8018,0.4171,1.0545,-0.736,-0.0556,1.6798,1.0717,-0.6558,1.3446,-0.5922,2.279,1.2168,-0.5179,0.76,0.3279,0.5007,1.5753,2.9628,2.2153,-0.3467,1.1629,2.2896,0.9441,2.2612
2005-10-01,-2.04,-1.3,0.43,-1.19,0.3,-3.6311,-3.9575,-2.4892,-2.3914,-2.065,-3.8487,-2.0127,-2.7971,-3.5634,-2.0798,-3.0863,-4.3903,-2.045,-3.7951,-3.2405,-1.0379,-3.4318,-2.5524,-4.426,-3.0124,-0.1062,-3.3763,-1.7075,-1.0057,-1.0033
2005-11-01,3.61,1.05,-1.19,0.34,0.3,5.1521,4.0093,4.641,4.2299,3.8215,5.1733,4.6025,4.8676,5.2392,4.2441,7.0846,6.5966,3.9608,4.5723,1.5152,5.0293,4.765,3.6399,4.0781,4.0803,3.6202,4.1767,3.6952,3.3008,2.4187
2005-12-01,-0.24,-0.44,0.15,0.78,0.4,-0.2964,0.1906,-0.354,-0.1623,0.8534,0.2661,-0.811,-0.3283,-0.6639,-0.8912,0.9571,0.5299,0.3385,0.4646,-0.7614,0.2886,1.6101,2.0014,1.7346,0.6206,-0.7783,-0.1557,1.0564,0.8047,-0.4829
2006-01-01,3.03,5.46,0.99,2.52,0.5,11.8557,9.142,8.3354,8.326,8.5155,7.4154,9.3307,9.6336,9.5733,7.4513,6.0338,7.9971,7.5303,6.4627,6.0167,4.8967,5.2107,5.0467,4.0274,3.9708,0.9438,3.2507,2.3163,3.7818,3.6752
2006-02-01,-0.3,-0.41,-0.31,-1.78,0.2,-0.4702,0.5552,0.4613,-0.6983,0.0018,-0.2083,-0.4839,-0.5973,-0.5658,-0.544,0.3179,-1.2197,-0.2501,-2.4164,-0.5179,0.512,-0.029,-0.8721,-1.7219,1.7797,0.0273,0.3678,0.4989,0.5894,-0.9413
2006-03-01,1.47,3.39,0.61,1.26,0.2,3.9184,4.6883,4.7858,5.285,6.7277,3.178,4.8496,7.2848,4.1136,4.6131,4.8134,4.3853,3.0855,2.0267,1.8523,3.2044,2.3422,3.182,2.3497,2.0725,0.7307,2.1372,1.4528,0.8499,0.8793
2006-04-01,0.73,-1.38,2.26,0.6,0.2,-0.921,-1.4898,-0.6398,1.0327,1.4334,-0.4429,1.9252,2.1519,-0.1088,1.1347,-1.0052,-0.5174,1.7618,1.1781,1.3206,0.7399,1.1305,0.7961,1.7405,3.533,-0.5825,1.7665,1.7536,2.942,5.0951
2006-05-01,-3.56,-3.01,2.38,-3.66,0.2,-9.5515,-5.9064,-4.7868,-4.2537,-3.9337,-6.1171,-6.5188,-3.9992,-5.0654,-3.2497,-6.2006,-5.2156,-3.5924,-3.191,-2.5718,-4.932,-3.4504,-2.4711,-3.6394,-2.778,-2.7227,-2.9675,-2.2011,-1.3628,-2.4997
2006-06-01,-0.35,-0.35,0.85,1.55,0.1,-0.9939,-0.3598,-1.5192,0.0593,-0.4645,0.1384,1.3343,-0.0319,0.7217,-0.3659,-0.7441,-0.4328,-0.5104,-0.7146,-0.0778,-0.0496,-2.3552,-0.3773,0.5227,-0.8926,0.291,-0.628,0.9864,0.126,1.3364
2006-07-01,-0.77,-3.95,2.62,-2.04,0.6,-5.8865,-3.7399,-3.3577,-2.0751,-2.5019,-5.0777,-4.814,-3.4523,-1.3025,-3.214,-6.4619,-3.23,-3.9623,-1.6192,-1.229,-4.4598,-2.8851,-2.9215,-4.0199,-1.0046,-0.9385,1.3494,2.1818,2.2309,2.6582
2006-08-01,2.03,0.99,-1.95,-3.36,-0.3,3.4115,2.3743,3.2119,2.1837,2.8731,3.1598,2.7686,3.4465,2.9574,1.7435,2.6367,1.9183,2.0352,2.9543,2.776,1.4088,3.3922,1.1556,3.2156,2.6633,3.7309,2.6884,2.03,0.1135,0.0149
2006-09-01,1.84,-1.3,0.06,-0.98,0.6,-0.0407,0.2562,0.0635,0.3739,2.151,0.2434,1.3895,1.1682,2.0376,0.9915,1.5864,0.4524,1.8769,0.609,0.4705,2.0066,2.4218,0.9874,1.8639,0.7684,2.428,2.8403,2.1738,2.186,4.369
2006-10-01,3.22,1.77,-0.33,-0.25,0.4,7.0895,6.1505,6.0783,4.9319,4.9718,6.4378,5.6235,4.5238,4.4848,5.2177,5.6682,4.7896,3.5406,3.5367,5.433,3.8924,4.7542,2.9579,3.8185,2.5981,3.5298,1.8247,3.2205,4.0586,4.4972
2006-11-01,1.7,0.63,0.04,-1.04,0.0,0.9289,3.4991,1.6328,1.884,2.5955,1.9603,2.8331,2.188,3.394,2.3048,3.5174,4.1745,3.8578,3.6102,3.9455,3.7338,3.4832,3.612,2.7247,4.4071,1.2083,2.6382,1.8522,2.0365,0.0382
2006-12-01,0.85,-1.16,2.74,0.79,0.6,0.6886,0.2156,1.5081,2.3143,3.4569,-1.8265,-1.0859,0.8729,0.1546,2.0493,-0.8272,-0.2382,0.9067,0.784,1.128,-1.1043,0.1949,0.0288,1.7219,2.5019,0.1577,1.2685,3.2355,2.6546,3.0808
2007-01-01,1.38,0.09,-0.68,0.17,0.2,1.3796,0.4728,0.0984,0.2396,2.9493,2.319,1.0471,0.7215,0.9406,2.7101,4.6482,2.3301,1.9307,3.4255,1.2427,4.6404,3.2273,2.2439,2.1239,1.1959,2.2586,0.7131,1.2906,0.7813,2.5574
2007-02-01,-1.96,1.23,-0.08,-1.29,0.0,-0.6501,-0.629,-0.8602,-0.6708,-0.0268,-1.0168,-0.2942,0.1147,-1.5732,0.0879,0.5184,0.453,1.6631,0.0379,1.1195,-0.4016,0.2075,0.5564,0.7302,0.2801,-2.4329,-1.3161,-3.2032,-1.0866,-3.0794
2007-03-01,0.71,0.09,-0.88,2.58,0.1,0.3647,0.0718,1.0521,1.361,0.4389,1.0635,1.1379,0.5814,0.7581,-0.7317,2.9306,2.6014,1.5326,0.7283,1.0747,1.131,0.9914,0.8914,-0.1419,3.0396,0.6906,1.163,2.2347,1.1999,-0.1501
2007-04-01,3.49,-2.21,-1.44,-0.16,0.1,3.363,0.885,0.0955,0.1827,1.3643,2.3757,2.5654,1.9523,0.5849,1.7665,4.2568,3.7299,4.5358,2.4707,2.0706,4.2359,4.858,4.8988,3.8608,2.626,5.4791,3.8498,3.881,2.4857,4.8554
2007-05-01,3.23,0.16,-0.59,-0.33,0.1,2.1628,3.4545,2.1827,3.3169,2.5807,3.482,4.2523,4.2293,1.7216,3.6892,7.145,5.1647,5.0959,4.2643,3.4217,4.5587,3.1881,5.2125,4.8647,2.3304,2.7964,4.1678,4.2462,3.0832,2.7065
2007-06-01,-1.96,0.73,-1.05,0.52,0.0,0.2738,-0.3076,-0.9003,-0.4502,-0.1621,-1.3692,-2.0517,-1.1586,-2.3383,-1.7643,-1.0384,-0.2103,-0.4462,-1.3803,-3.3656,-1.156,-1.5924,-2.3176,-3.562,-1.8148,-1.7073,-0.2044,-2.1382,-2.738,-2.0557
2007-07-01,-3.72,-2.66,-3.68,2.84,0.3,-5.5413,-6.91,-6.3068,-6.7971,-8.3893,-4.3843,-6.1311,-4.8532,-7.693,-9.0772,-3.1935,-3.1742,-5.3065,-6.4856,-6.4476,-3.2367,-3.5916,-4.2989,-5.4623,-8.3187,-0.9565,-1.5015,-4.2621,-5.4972,-4.9102
2007-08-01,0.94,-0.11,-1.87,-0.03,0.4,0.9707,1.1167,1.286,1.2776,-3.2134,2.597,2.5257,2.6936,3.3795,-0.659,-0.6059,2.8093,0.3892,0.1118,-2.359,1.3021,0.9963,-1.6869,-1.0648,-1.526,1.8554,2.198,1.8442,1.9048,0.0733
2007-09-01,3.22,-2.25,-2.17,4.43,0.1,2.1203,2.8104,0.4133,0.7159,-1.1713,3.1486,0.8128,0.6363,0.6524,-0.0774,3.5971,3.3693,1.3965,1.731,1.4138,3.7665,3.1243,1.0645,1.3279,0.4549,5.2746,3.4378,2.9494,2.3347,4.2087
2007-10-01,1.79,0.19,-2.87,5.03,0.1,3.594,1.5149,-0.3317,0.7644,-1.3714,3.6882,4.1523,0.5436,2.0716,0.3593,4.5266,2.2577,4.2857,0.0495,3.3119,3.3886,2.852,1.5357,1.8644,-3.2261,3.9369,1.6103,1.1613,0.1754,-0.4339
2007-11-01,-4.8,-2.81,-1.09,1.12,0.2,-9.779,-8.3708,-7.8494,-7.3088,-9.2616,-6.5584,-7.256,-6.3777,-6.4487,-8.3031,-5.3759,-6.7494,-5.6951,-6.2908,-4.5976,-4.3896,-4.2682,-7.3137,-5.1911,-7.0298,-3.1672,-2.289,-5.4787,-4.944,-5.4497
2007-12-01,-0.87,0.11,-0.51,6.56,-0.1,-0.895,1.0694,-1.6297,-0.6353,-1.2055,1.2465,0.0617,0.0541,0.1548,-0.7453,-1.0341,-1.3283,-0.08,-1.2448,-0.6279,-0.133,1.1102,-3.0776,-2.0104,-2.758,-0.2102,-0.9467,-0.8536,-1.7541,1.3015
2008-01-01,-6.33,-1.02,4.0,-7.74,0.0,-11.6559,-8.5608,-7.1048,-4.9211,-4.6723,-9.5052,-6.9801,-7.8213,-2.8729,-4.0557,-6.717,-6.2771,-6.2804,-2.6971,-6.6861,-6.7032,-8.1452,-3.943,-5.4093,-2.7768,-8.11,-5.3208,-4.3223,-2.8298,-4.5518
2008-02-01,-3.09,-0.48,-0.72,6.13,-0.3,-5.5986,-4.0188,-4.6272,-2.5338,-4.1581,-4.8275,-1.342,-1.7686,-3.5297,-3.5164,-2.8626,-1.1858,-2.4806,-0.9811,-2.8964,-0.8137,-1.3758,-2.0014,-3.0103,-5.774,-2.1914,-1.8845,-3.9087,-5.4964,-5.3709
2008-03-01,-0.94,0.71,0.31,4.25,0.2,-3.6698,-1.699,1.4739,0.5012,-0.4168,-0.3851,1.0621,1.5327,2.0204,0.7625,-3.2527,1.1329,-1.3974,-1.462,-0.2871,-0.2437,-2.3204,-2.9214,-2.0112,-0.6884,-0.0961,2.4266,-3.5781,-3.6876,1.1016
2008-04-01,4.61,-1.69,-0.96,-0.33,0.2,3.6623,3.5189,1.1636,0.021,0.9025,3.0813,3.7858,3.3114,2.6063,0.8173,7.2692,7.0586,8.2249,9.7319,7.5475,6.0014,6.6015,6.0415,6.6448,2.7266,4.3995,1.3777,7.3793,3.5346,6.1847
2008-05-01,1.87,2.97,-1.5,3.39,0.2,5.4366,4.7487,2.503,3.2977,2.0496,6.7927,3.3401,8.0616,4.9746,3.417,3.8545,4.0782,6.9048,4.5282,4.0964,4.4324,5.2452,5.1435,4.4411,3.5313,2.8506,0.1806,0.6818,-1.8892,1.8477
2008-06-01,-8.43,1.15,-2.51,12.71,-0.2,-6.2895,-8.6074,-10.8213,-7.2896,-9.9673,-7.6162,-7.1754,-5.8133,-7.9043,-10.4581,-7.3488,-7.2644,-6.196,-9.1514,-4.4866,-5.853,-9.5667,-6.0549,-7.2371,-14.9515,-6.0608,-9.075,-8.4081,-14.3636,-10.0551
2008-07-01,-0.75,2.6,5.2,-5.02,-0.5,5.0142,3.8126,4.9164,7.3934,3.4294,2.3812,2.9105,4.7704,4.3749,5.8205,0.5698,-0.5363,1.8617,0.6913,5.1428,-1.0084,-0.5399,-6.5814,-2.7092,-3.0372,-1.5938,-1.2965,-2.012,3.3512,8.1557
2008-08-01,1.53,3.4,1.52,-4.48,0.0,0.9263,3.6399,2.5024,3.7299,6.3981,4.114,4.0368,4.5501,5.6412,10.5909,2.2447,3.5475,4.7314,2.1546,5.6971,1.0549,2.2086,2.9787,3.9875,1.8661,1.1103,1.4944,2.0175,-0.903,-0.2944
2008-09-01,-9.35,-1.07,5.66,0.86,-0.7,-13.2998,-9.7593,-8.8154,-4.3211,-5.7977,-8.6286,-8.1769,-7.2812,-4.0384,-7.5752,-14.2913,-11.224,-6.9727,-7.2437,-6.9998,-13.7669,-12.5061,-13.1506,-10.1088,-12.06,-9.587,-8.9376,-6.9789,-8.1828,-3.8942
2008-10-01,-17.2,-2.31,-1.89,7.87,-0.2,-24.0,-19.2711,-19.8762,-16.2594,-21.7193,-22.9044,-23.4063,-18.2695,-18.5165,-22.2865,-23.2472,-19.1636,-16.2644,-18.7529,-20.2816,-20.2856,-20.0899,-25.0644,-21.2759,-17.3052,-14.9725,-14.9204,-14.778,-27.5145,-13.6029
2008-11-01,-7.74,-3.01,-6.21,7.28,-0.3,-13.0461,-12.6826,-12.9783,-11.8926,-16.4544,-10.9335,-10.5206,-11.3414,-9.042,-16.4124,-11.2711,-10.1383,-9.1585,-9.2528,-7.2999,-8.167,-8.5608,-8.3422,-7.7313,-16.5836,-5.8485,-5.0584,-6.4679,-14.7353,-17.8234
2008-12-01,1.77,3.52,0.05,-5.09,-0.3,3.5439,6.0708,6.1248,3.0846,3.6858,4.6075,4.7574,7.0918,5.9087,6.7225,6.3214,4.3125,1.7355,2.9929,10.0274,4.6723,6.8104,0.9487,3.5689,2.3643,1.4056,1.2558,0.509,-1.8576,3.74
2009-01-01,-8.09,0.04,-11.02,-2.36,0.5,-6.573,-7.9285,-9.7267,-16.365,-15.1338,-6.5857,-7.1475,-10.5223,-13.7081,-18.0708,-6.5885,-8.6316,-8.1986,-8.6585,-17.3721,-4.6184,-6.4033,-6.5969,-8.8342,-16.0037,-3.4117,-9.02,-10.9206,-19.0638,-13.6171
2009-02-01,-10.14,0.14,-6.6,4.36,-0.4,-11.3833,-10.5913,-12.2488,-13.909,-14.727,-10.3107,-9.2352,-10.9655,-14.4871,-19.0734,-7.1946,-10.3323,-9.8248,-13.1316,-10.9687,-6.433,-8.7238,-10.9864,-12.7396,-14.0188,-7.8654,-10.0818,-12.0819,-19.2075,-12.3725
2009-03-01,9.01,-0.1,3.48,-11.83,-0.4,11.1725,10.6439,10.3258,8.2827,10.1945,9.1164,10.2964,10.3203,8.5675,14.569,9.6521,8.5489,9.9517,8.0853,13.8418,8.0857,9.5914,9.1525,9.6616,10.1221,8.3911,7.9446,9.3904,13.0853,12.194
2009-04-01,10.17,5.4,5.38,-34.34,-0.1,18.4139,16.4034,15.9787,18.0161,17.8501,14.7944,18.6461,15.6401,15.1524,17.5694,14.1403,18.7504,12.7467,15.1366,16.0774,11.2317,13.5992,16.0021,15.3243,17.3536,6.8745,6.9263,11.8806,14.8297,20.2698
2009-05-01,5.21,-2.41,0.41,-12.53,0.1,6.7495,5.2962,5.5161,4.4046,3.3127,5.1228,3.1308,1.9722,1.1847,5.6706,4.0339,0.9433,2.9625,1.6206,-1.559,3.9171,2.2779,3.7358,9.4807,4.2194,4.8259,5.7251,4.8812,7.1385,9.936
2009-06-01,0.42,2.58,-2.76,5.45,0.0,7.4973,5.2237,5.6205,2.1561,3.2395,6.8061,1.994,0.7599,-1.3775,0.1409,1.8892,0.8759,-1.3445,1.5779,-0.1808,1.8233,0.9002,-0.7194,-1.5053,-0.1782,1.6789,-1.4218,-0.1154,-0.7548,-2.7768
2009-07-01,7.74,1.75,4.89,-5.54,0.3,8.4941,7.0936,9.613,9.54,13.6357,6.0501,7.7284,11.276,11.9411,12.752,7.0038,9.6795,10.4592,12.1052,15.4974,8.037,7.4221,9.7228,10.623,11.1296,6.0396,8.97,7.3628,8.4762,9.4536
2009-08-01,3.33,-1.12,7.6,-9.1,0.9,2.7822,1.6349,3.2727,3.8581,10.6279,0.1049,1.9936,1.8261,3.1683,8.553,0.8732,0.9471,4.4499,4.0523,11.9186,2.0976,4.2693,3.016,5.7084,14.8757,1.1983,3.7875,3.1483,7.3364,12.0145
2009-09-01,4.08,2.43,1.15,-4.87,-0.9,4.6964,6.2453,4.6069,6.7657,8.7585,8.0268,7.1111,5.6327,6.7282,7.4776,6.4971,3.915,7.0071,7.6804,8.4471,6.7153,5.6733,5.8877,5.3087,8.6447,3.3712,3.5881,2.6589,4.9073,2.578
2009-10-01,-2.53,-4.26,-4.17,2.49,0.1,-10.6082,-7.5552,-6.387,-7.7308,-8.9552,-7.4844,-5.8895,-5.7813,-8.7658,-10.2887,-5.1004,-3.2017,-5.9369,-6.1387,-10.0081,-4.3351,-2.6912,-4.304,-6.0564,-6.1834,0.3081,-2.0086,-1.9718,-3.6416,-9.4173
2009-11-01,5.63,-2.5,-0.33,0.39,-0.2,0.628,-0.5472,2.5612,1.4592,1.5625,2.4338,1.2499,2.1379,3.4442,5.7268,3.1933,3.3847,2.3802,6.2192,6.8771,4.6889,4.827,4.1185,3.3649,4.2693,7.1598,5.753,3.6706,5.1067,4.2628
2009-12-01,2.8,6.01,-0.11,3.0,0.6,6.1841,8.992,7.6234,8.0694,10.0927,9.3551,9.9759,8.5631,6.9718,8.9416,7.0492,7.0025,7.0221,8.0318,7.7118,6.022,4.4629,7.9608,5.3336,6.1007,0.8826,2.2924,4.0796,1.9867,-3.0737
2010-01-01,-3.35,0.43,0.33,-5.33,-0.2,-4.3132,-5.1905,-4.3596,-3.5444,-0.9807,-3.1729,-2.3572,-1.2698,-3.3993,-3.6509,-3.5218,-3.4321,-4.769,-3.4735,-2.634,-3.5045,-3.9755,-5.1421,-1.6063,-2.1008,-4.2163,-3.5754,-0.4608,-4.576,-2.5788
2010-02-01,3.39,1.18,3.18,3.69,0.4,4.17,4.7194,4.5035,5.4187,7.2253,2.0935,3.0575,2.9275,6.124,5.1675,4.3086,4.3212,4.6643,6.0409,9.1416,5.1436,6.8455,4.2044,3.9705,7.0129,2.5601,2.1349,3.995,4.2404,5.6363
2010-03-01,6.3,1.46,2.19,3.57,0.5,6.9945,6.6186,7.7339,7.3548,9.96,7.0961,7.6436,7.5616,8.0516,11.5472,9.2124,6.4585,9.8893,6.9254,7.7224,8.131,6.9933,7.7997,4.9479,11.9865,4.9912,6.0366,5.7143,6.4139,8.2999
2010-04-01,1.99,4.84,2.96,3.16,0.2,6.5238,7.2093,6.1082,9.5334,11.6809,2.0251,5.6392,4.444,6.8542,7.549,2.8341,5.2832,3.318,7.7386,4.8701,3.6859,3.7045,3.3604,7.0024,5.0752,0.3805,2.6134,1.322,-0.4315,-0.4879
2010-05-01,-7.9,0.13,-2.48,-0.2,0.2,-7.093,-5.3264,-7.2038,-8.9168,-10.5447,-4.7048,-6.191,-7.0163,-9.221,-9.7963,-6.2991,-5.8269,-7.1112,-9.7942,-9.6788,-5.363,-7.8722,-8.5247,-7.0802,-8.1931,-7.4373,-8.2515,-9.0332,-8.1603,-8.0942
2010-06-01,-5.56,-1.79,-4.73,-2.7,0.2,-6.6758,-6.676,-6.9113,-7.0135,-11.898,-5.4356,-5.5755,-6.8843,-9.7759,-12.9903,-5.4008,-6.1082,-7.4809,-7.5086,-12.0849,-4.5037,-6.1631,-7.215,-8.0458,-9.8148,-3.9175,-6.497,-3.2777,-7.1809,-9.3391
2010-07-01,6.92,0.22,-0.5,1.78,0.3,6.2433,4.7175,7.007,6.6637,5.7431,6.8339,7.7993,6.2383,7.1956,6.7564,6.4596,7.2632,5.293,8.227,7.2643,6.8472,6.545,8.0175,8.3602,6.5775,7.278,5.4951,7.5119,7.0441,5.256
2010-08-01,-4.78,-3.01,-1.73,0.04,0.2,-8.7258,-8.745,-8.4305,-9.3653,-9.4128,-6.0162,-7.7616,-7.0258,-7.5184,-7.7279,-4.5313,-6.2351,-7.6411,-6.7788,-6.8715,-4.2705,-4.3733,-5.4603,-3.5147,-6.2591,-3.8498,-4.2686,-1.5882,-6.6003,-8.9274
2010-09-01,9.55,3.82,-3.02,1.38,0.1,11.4688,11.016,12.5856,12.2215,9.945,14.7417,15.0542,12.4433,10.9598,11.652,12.9635,14.5783,12.7639,11.3252,10.9468,12.5133,10.9449,10.3794,7.9603,10.4308,10.2608,8.1186,7.9255,8.1432,7.0281
2010-10-01,3.87,1.08,-2.46,1.46,0.3,7.0555,5.9985,5.7181,5.1453,3.4574,3.9741,4.1146,4.1457,2.9695,2.6181,4.4844,3.0271,5.5671,3.266,4.2157,2.5372,5.0127,3.2938,3.0495,0.3923,4.9795,3.9744,3.9174,2.4271,-0.2918
2010-11-01,0.59,3.67,-0.9,2.73,0.3,0.9259,3.911,5.1476,4.8247,2.8562,3.2961,4.5746,3.646,3.6238,3.7003,3.8744,5.9765,1.5801,4.222,1.5252,4.2841,3.2574,2.5486,1.3214,0.0071,-0.8419,1.8494,-1.1446,0.6779,-3.2976
2010-12-01,6.82,0.72,3.56,-3.0,0.1,10.2916,7.3908,7.4306,8.3393,9.3775,7.1912,6.8614,8.1511,8.1658,10.5387,6.6902,8.4678,8.335,7.3063,7.2778,5.4327,6.894,7.5935,7.023,9.8634,4.7558,5.7702,6.5518,9.1904,13.8773
2011-01-01,1.98,-2.29,0.61,-0.3,0.1,-2.8495,-2.23,-1.3102,-0.8128,-0.8913,0.4548,-0.7402,2.4433,0.1382,1.795,1.9607,1.7507,0.1992,3.3129,0.3289,1.9752,3.4951,1.9241,2.8355,0.2436,1.3503,3.4544,1.6653,3.498,3.3414
2011-02-01,3.48,1.5,1.18,1.88,0.0,2.2389,5.2854,4.6711,4.5129,6.0537,4.6454,8.0027,5.1234,5.615,5.2381,5.6287,6.3235,4.7424,5.4796,4.5846,3.8627,4.1456,4.1181,4.577,3.1537,2.2149,3.3568,4.7518,4.096,3.894
2011-03-01,0.45,2.49,-1.84,3.45,0.3,3.3025,4.1163,1.8166,1.8724,1.414,3.3997,3.4187,2.6708,1.7331,2.6304,4.1931,2.6375,2.891,1.9217,1.4499,1.9061,3.3319,2.2667,2.089,-0.1279,0.3716,-0.8438,1.9246,-1.3689,-3.2137
2011-04-01,2.9,-0.42,-2.44,0.05,-0.1,2.5571,0.4816,0.9124,1.1198,0.4138,3.8392,2.4364,1.5501,2.53,-0.2576,4.0668,3.7008,3.3634,2.9603,2.0015,3.6771,1.6383,1.9959,3.8409,1.7731,3.6679,4.3526,3.2693,0.3115,1.2607
2011-05-01,-1.27,-0.73,-1.85,-0.6,-0.1,-0.8966,-0.924,-1.9035,-4.5123,-2.768,-2.0745,-1.2674,-0.6537,-3.3105,-2.9027,-1.4082,-1.1276,-2.0253,-3.6785,-1.0721,-0.1825,-0.6216,-1.3652,-1.7826,-0.3412,-0.1751,-1.9842,-0.8251,-2.4985,-3.6887
2011-06-01,-1.74,-0.27,-0.2,1.82,0.2,-4.6813,-3.5771,-2.6782,-1.4824,-2.5224,-0.4771,-1.8859,-1.6251,-0.3245,-1.3853,-1.3494,-1.9183,-2.1293,-0.9136,-3.7135,-1.4745,-2.0738,-2.7501,-1.0602,-2.7269,-1.2444,-1.6919,-1.6531,-1.6006,-2.7098
2011-07-01,-2.35,-1.17,-0.91,0.2,0.2,-4.9333,-2.9923,-3.0743,-1.4691,-1.4047,-3.4371,-3.7209,-4.9105,-3.2256,-5.167,-4.9343,-3.6994,-3.3623,-5.324,-3.5764,-3.9889,-3.646,-3.3224,-1.7885,-3.4433,0.1239,-2.0235,-1.7168,-4.1342,-5.1126
2011-08-01,-5.96,-2.96,-2.43,-0.27,-0.1,-11.8243,-12.1116,-9.0732,-10.5176,-9.531,-9.2844,-8.2556,-10.4032,-8.1471,-11.0346,-7.991,-8.1946,-7.9722,-9.4373,-8.4218,-7.436,-8.3858,-8.0045,-6.8622,-6.3685,-3.8511,-4.5763,-7.0731,-2.9801,-11.8385
2011-09-01,-7.58,-3.12,-1.53,-2.4,0.2,-11.3437,-12.581,-10.7317,-10.5716,-10.1536,-10.2796,-11.4609,-12.7355,-9.2441,-11.3221,-10.4608,-11.6631,-13.1372,-11.1256,-10.5349,-8.9058,-11.4653,-11.3337,-7.7588,-9.4945,-6.3278,-5.0141,-6.9989,-5.4114,-14.118
2011-10-01,11.33,3.05,0.06,-1.4,0.2,12.2337,15.0652,13.8886,14.9749,10.0677,17.5737,14.3594,16.0812,14.8289,13.6056,14.294,16.1065,16.6945,16.1717,11.5536,13.9237,15.5339,14.3341,11.2772,12.3059,9.4196,10.4354,12.4483,8.6051,15.1525
2011-11-01,-0.27,-0.18,-0.52,3.88,-0.2,-2.0772,-1.1675,-2.6821,-1.4768,-0.1963,0.342,-1.6883,0.2779,1.5134,0.0913,-1.8784,0.9009,-0.8284,0.9012,0.3615,-0.5757,-0.2771,1.1431,1.465,-1.5215,-0.4044,1.1316,0.5245,1.0213,-6.5387
2011-12-01,0.75,-0.56,1.54,1.83,0.0,-0.5028,2.0578,0.924,1.7433,1.2724,-0.8895,0.6387,0.8561,0.7376,1.1148,-2.6971,-0.0499,1.1556,1.1439,1.5763,-2.3002,0.6895,-0.4372,3.628,-0.4931,-0.526,1.2321,2.94,2.7323,0.9487
2012-01-01,5.05,2.01,-0.93,-8.01,0.4,12.1449,8.1143,7.8993,7.0982,7.7104,8.0041,5.6448,8.2065,5.5908,4.936,9.0415,4.9619,6.8383,5.5395,3.6519,9.2528,6.2044,4.8935,2.1561,4.1817,7.0544,2.3622,2.6981,1.4304,10.026
2012-02-01,4.42,-1.84,0.42,-0.26,0.6,1.2353,1.2187,0.9339,1.0775,2.6771,4.4889,3.9106,1.4221,2.6594,4.5164,4.51,3.083,3.5826,3.8613,4.9291,4.6935,4.7028,4.2602,3.6808,6.0121,5.1883,3.0301,3.5837,4.9164,6.6916
2012-03-01,3.12,-0.63,1.19,1.31,-0.1,2.057,3.9082,3.5728,3.4477,4.9301,1.7772,1.7709,2.659,3.4056,2.6767,1.3503,2.0567,1.5292,1.9435,-0.2284,3.9058,0.3619,0.6311,2.0911,1.4174,4.0357,2.2789,1.1104,3.3159,7.7521
2012-04-01,-0.85,-0.37,-0.77,3.72,0.1,-4.1183,-1.8464,-1.9343,-1.441,-0.3293,0.0443,-1.5968,-2.6291,-2.0161,-1.8882,-2.3314,-0.7216,-1.4251,-0.8918,0.0557,-0.5096,-0.3126,-0.5028,1.6006,-2.9131,0.0178,-0.7075,-0.6957,-0.2408,-4.2516
2012-05-01,-6.17,0.12,-0.95,6.44,0.0,-8.6383,-5.911,-7.0873,-8.0224,-4.6279,-5.453,-5.0095,-7.6694,-5.2704,-7.1468,-7.7928,-6.2108,-8.0209,-6.1267,-6.3859,-6.5094,-8.6643,-8.8132,-6.3058,-5.4899,-6.3941,-4.8227,-5.3137,-2.4193,-12.8714
2012-06-01,3.89,0.72,0.55,-1.1,-0.1,7.4554,7.0179,5.6322,5.4769,5.2535,6.8983,5.0196,3.8503,3.6548,4.6036,5.3322,3.5606,1.9762,2.3047,3.9863,0.8557,1.8332,3.9208,2.4392,3.4698,2.8088,4.2192,5.4172,5.1008,5.6085
2012-07-01,0.79,-2.76,-0.06,3.0,0.2,-2.0999,0.9975,-3.3138,-1.7659,-2.2102,-3.9127,-0.4999,-0.7852,-1.0227,-0.9613,-2.6468,-0.3034,-1.3357,0.4514,-3.7815,-2.126,0.1576,0.4596,0.2218,-1.1339,1.3732,2.505,1.408,1.1006,-1.7322
2012-08-01,2.54,0.5,1.23,-2.35,0.0,2.6657,0.4943,3.9644,2.7338,3.3079,1.8351,2.3952,2.8523,3.2465,4.3852,5.1324,3.5245,4.6121,4.2119,3.495,4.2001,3.8785,2.5858,3.6481,6.3422,2.0822,2.5384,1.5463,0.539,6.445
2012-09-01,2.73,0.45,1.62,-1.13,0.1,4.5721,5.6121,4.2545,4.6007,4.5853,4.8735,3.5214,3.3649,4.0298,4.0098,2.9193,1.6791,1.5771,3.1368,3.8869,1.7469,1.839,2.4552,2.4032,3.3558,1.7873,2.5854,3.5857,3.2924,5.4383
2012-10-01,-1.76,-1.09,3.52,0.05,0.0,-5.0157,-4.9578,-3.7223,-3.2182,-1.31,-5.4922,-1.9242,-1.2179,-1.5287,-1.1499,-3.899,0.373,-0.4359,1.0094,-0.2073,-1.2341,0.1537,-0.5801,0.2642,1.5562,-3.3013,-1.4005,-2.592,-0.383,3.3179
2012-11-01,0.78,0.6,-0.86,0.53,0.4,0.086,1.1317,0.688,-0.1937,1.1906,-0.4389,-0.2859,1.031,0.5451,2.2333,2.8835,2.6373,2.5113,2.0912,-0.1656,3.005,2.851,-0.0505,1.0858,0.5712,1.218,0.5135,-0.1378,-0.2926,-1.5414
2012-12-01,1.18,1.5,3.48,-2.93,0.0,0.2639,3.3582,4.3236,4.5318,4.3839,3.5808,3.3975,3.0134,3.792,5.1677,2.3782,3.7883,2.3897,2.8549,3.6393,2.0756,2.323,2.8551,3.8898,3.4605,-0.9557,0.3057,1.5409,2.3104,7.2489
2013-01-01,5.57,0.29,1.01,-1.82,0.4,6.5747,4.9321,5.5631,5.6109,5.5677,7.391,5.7957,7.5427,6.6609,5.1371,5.2756,6.488,6.2127,7.1309,7.6621,7.2488,6.5956,6.6681,8.3211,9.1309,3.6126,5.8335,5.6,6.7356,7.3615
2013-02-01,1.28,-0.3,0.21,1.23,0.0,-1.9645,0.6075,-0.0344,1.7514,1.5188,0.9567,1.1367,0.9336,1.857,0.7071,0.4269,1.2721,0.487,2.6138,1.9255,0.5247,1.1008,1.6982,1.1717,2.618,1.1784,1.2274,1.9792,2.2329,0.6953
2013-03-01,4.04,0.83,-0.22,1.92,0.1,7.7941,5.7277,5.1135,4.1721,4.401,5.2075,5.236,3.992,4.3381,4.8275,4.4385,4.5204,5.2829,3.6034,5.1462,3.6184,4.0834,4.2198,5.5273,6.2938,3.9569,3.293,3.6318,4.8642,3.3327
2013-04-01,1.56,-2.37,0.44,0.22,0.0,0.4011,-0.5768,-0.9859,-0.7784,0.5791,-0.909,-1.9797,-1.2725,-1.2785,1.5704,-1.9029,0.1505,-0.7109,-0.8356,-1.775,1.1011,1.1205,-0.6672,1.9277,0.904,2.303,1.3019,1.8478,1.635,2.7605
2013-05-01,2.8,1.7,2.67,-2.01,0.3,7.7388,4.6231,3.5717,6.5535,4.2678,5.3385,4.5862,5.6779,4.6122,7.8774,3.0211,5.8934,4.1347,5.0238,3.9285,4.1705,3.1459,1.5315,3.5833,4.5173,1.2043,2.557,1.3823,3.3372,8.9338
2013-06-01,-1.2,1.31,-0.05,0.43,0.0,-1.0192,-0.6152,1.7794,1.0997,0.3103,1.8782,-0.1974,-0.3761,-0.8545,-1.0906,-0.4871,-0.9808,-1.5247,-0.7612,-0.1758,-2.0416,-2.51,-1.2367,-1.5531,-1.2432,-2.3098,-0.3357,0.1531,-0.3341,-2.8837
2013-07-01,5.65,1.81,0.58,1.74,0.1,6.9319,10.555,7.3033,8.9501,7.4394,6.9894,6.3373,6.385,7.0166,8.093,8.2928,7.6337,5.7981,7.738,9.0022,8.0176,4.6352,6.5184,7.9794,5.0203,5.9978,4.2681,4.6444,4.6924,7.1844
2013-08-01,-2.71,0.32,-2.73,0.04,0.2,-2.3217,-2.536,-2.3048,-3.7353,-3.1512,-0.5681,-0.6886,-3.1632,-3.944,-3.6975,-1.6534,-2.024,-3.4983,-4.6876,-3.8865,-1.6955,-2.0919,-3.1385,-2.4045,-4.3789,-1.4845,-2.5292,-3.5744,-3.6714,-4.5134
2013-09-01,3.77,2.89,-1.18,3.02,0.3,7.2942,7.5884,7.1963,6.9327,5.8445,6.8252,6.1363,7.5391,6.0436,5.5432,5.7374,5.8356,5.8569,5.5928,4.2874,5.5387,5.7379,5.1904,5.6465,3.3946,4.3089,2.6355,2.5945,2.5619,2.2688
2013-10-01,4.17,-1.56,1.22,0.02,0.3,-0.739,0.7764,2.1975,4.0429,2.87,0.6633,1.5231,1.2683,3.8146,4.2497,3.3835,3.4728,3.7265,4.2349,5.5606,2.1451,3.6554,2.806,4.6422,6.1959,4.8861,4.3822,5.4352,3.2953,3.7175
2013-11-01,3.11,1.31,0.19,0.39,0.4,7.7434,5.3439,5.7074,7.1859,4.9367,6.4781,3.6126,3.311,2.8899,5.7144,2.7704,3.2757,3.7207,2.5847,3.9181,2.2359,2.3322,0.8498,-0.4431,3.7551,3.1878,3.5527,1.6052,1.9314,6.2891
2013-12-01,2.81,-0.44,0.0,0.02,0.1,1.6088,3.6044,2.509,1.2559,1.501,2.8395,0.3287,3.5485,1.8065,0.8336,1.6469,3.8949,2.9865,3.6152,2.3866,3.1418,3.5541,2.8176,3.2868,3.4234,2.593,2.3791,3.5924,2.3356,1.8527
2014-01-01,-3.32,0.93,-1.99,1.61,-0.3,3.2675,-2.4428,-2.2922,-3.596,-3.1752,0.1207,-2.1841,-5.261,-3.9542,-6.2469,-0.3567,-2.9986,-4.1643,-2.6369,-2.2983,-2.5783,-3.3434,-0.8152,-5.059,-3.0156,-4.0348,-2.5045,-3.5102,-4.4332,-4.1117
2014-02-01,4.66,0.36,-0.35,2.13,0.5,4.6905,4.0772,3.9063,5.8009,4.5226,4.8235,3.1074,6.0029,5.0177,4.0957,6.6358,4.5408,4.5552,6.9644,4.1514,5.9804,6.279,4.8088,5.4186,5.4397,5.1051,5.1728,2.9857,4.258,2.4437
2014-03-01,0.43,-1.86,4.9,-3.27,0.6,-4.3988,0.7966,0.3539,0.8661,1.3924,-4.1372,0.0844,1.4743,1.1256,2.5457,-4.6875,-0.0162,0.605,1.3672,1.917,-2.2404,-0.47,0.209,1.964,5.1469,-1.4273,0.4986,2.2111,3.8416,3.5796
2014-04-01,-0.18,-4.18,1.22,-3.82,0.2,-8.5952,-6.5028,-5.379,-3.3099,-4.2455,-6.7967,-3.3685,-3.0005,-1.8995,-1.9624,-5.681,-1.5937,-2.0868,-1.4688,-3.1019,-3.0452,-0.9478,0.1289,0.1196,-0.5501,1.5398,-0.0731,1.4137,1.925,-2.1791
2014-05-01,2.05,-1.85,-0.1,0.89,0.2,-2.7099,-0.742,-0.6314,-0.585,-0.3132,-0.4401,0.2627,1.466,-0.5565,-0.3647,1.2433,0.4539,2.5203,0.594,1.7474,2.7405,1.6332,3.3027,1.1566,1.6349,3.1845,1.5127,2.3498,1.8439,1.2388
2014-06-01,2.6,3.05,-0.71,0.65,0.4,5.6882,10.1586,3.581,4.1741,3.8144,7.526,6.5626,5.7216,4.9122,5.8045,6.2082,5.3507,3.7615,4.965,5.0388,4.5285,3.7798,3.9543,3.9478,3.625,1.1359,1.2916,2.564,3.2655,3.4557
2014-07-01,-2.03,-4.18,-0.08,-0.17,0.2,-9.2607,-7.5266,-6.5266,-4.3079,-4.9873,-5.0242,-6.6461,-5.4496,-6.2596,-5.848,-5.4705,-5.4971,-6.12,-6.4442,-4.2765,-2.3915,-4.4172,-3.1894,-3.7503,-3.8087,-1.6618,-0.8785,-0.4256,-2.716,-1.4254
2014-08-01,4.24,0.41,-0.57,0.83,0.7,2.9355,4.6341,2.8737,4.4624,3.4066,5.5697,5.2829,3.8959,4.6173,5.2244,6.3988,4.1871,4.6362,5.5168,4.5515,6.1773,4.7651,4.9797,4.0481,4.6271,4.8826,4.4484,2.1838,2.6307,5.1222
2014-09-01,-1.96,-3.59,-1.47,0.6,0.0,-7.0453,-4.2417,-7.2076,-5.78,-5.602,-4.9962,-4.2516,-5.4237,-5.0798,-7.9107,-2.9935,-5.5827,-4.7437,-6.6219,-6.9912,-3.2009,-3.2606,-4.2563,-4.5451,-4.714,-0.6074,-0.8983,-1.6526,-3.855,-0.2175
2014-10-01,2.51,4.05,-1.63,-0.21,0.6,6.2621,7.0908,5.7929,7.2509,4.3991,8.3606,6.5875,6.248,5.3694,4.2247,5.8786,5.5072,3.8243,4.088,3.9068,4.043,0.5491,3.3711,3.6884,-0.3144,2.283,2.8195,2.0152,0.185,1.5011
2014-11-01,2.56,-2.05,-3.13,0.69,0.3,0.2015,0.6734,-1.827,-1.2612,-2.6107,1.6146,-0.331,-0.477,-0.9908,-0.9115,2.7658,2.7462,-0.3833,0.1903,0.0401,3.3009,2.902,3.5197,0.7125,-1.8721,3.5515,3.7097,3.3115,-0.0309,1.0042
2014-12-01,-0.05,2.53,2.12,1.03,0.3,6.0012,7.0639,5.4269,4.3534,3.8594,0.9829,2.9053,2.7994,2.7155,2.9699,1.7988,0.84,0.5259,1.593,0.3583,0.5099,-0.2291,0.406,0.8361,0.7172,-1.2368,-1.4056,-0.1989,1.0104,2.1234
2015-01-01,-3.1,-0.59,-3.45,3.74,0.2,-3.5068,-6.5388,-4.9784,-5.091,-5.0432,-1.2307,-4.909,-4.3431,-4.446,-7.0946,-0.5831,-1.509,-3.8467,-4.6629,-5.2849,-1.179,-2.3421,-1.0922,-1.5434,-3.7405,-0.8353,-2.6449,-4.1877,-4.099,-7.57
2015-02-01,6.13,0.61,-1.79,-3.1,0.2,4.1648,6.7002,6.4212,5.1146,5.9324,7.4649,8.9569,6.4773,5.4782,4.9398,7.3006,7.9359,8.6395,6.0563,5.7,7.6343,6.929,8.0318,5.5284,7.3378,5.9661,6.0165,6.6734,4.0288,5.8128
2015-03-01,-1.11,3.05,-0.38,2.7,0.3,-0.8501,2.989,1.7009,1.8305,1.2099,3.186,2.5136,0.9025,2.7807,1.3385,0.5411,1.1372,1.6435,1.1549,1.0122,1.0077,0.5538,1.2875,-0.5572,-0.4773,-1.0453,-2.0999,-2.2961,-1.7547,-1.6099
2015-04-01,0.59,-2.99,1.8,-7.27,0.2,-3.9431,-2.7356,-2.7999,-2.0565,-0.5592,-3.9124,-2.4785,-2.7793,0.0211,-0.8274,-3.1006,-1.3492,-0.9917,-1.011,-0.4171,-1.5829,-0.1486,-1.1854,-1.6378,0.4603,0.2214,1.1071,1.4294,2.8452,1.7763
2015-05-01,1.37,0.95,-1.11,5.68,0.3,3.6122,4.7494,0.4012,-0.1646,0.4206,2.8908,4.7682,2.9322,1.2534,-0.0165,4.4006,2.2313,2.887,2.0129,0.6682,2.1767,1.4021,2.6144,1.4924,-0.063,1.5755,0.6504,1.2418,0.5754,1.6744
2015-06-01,-1.52,2.94,-0.82,3.01,0.1,4.7587,2.1082,2.3638,2.2,1.8549,1.2554,1.2444,-0.2584,-0.2746,1.4226,1.2921,0.2174,-1.154,-1.9694,-0.2246,-1.456,-0.2786,-2.1547,-2.373,0.1809,-0.4802,-3.3668,-1.6853,-3.4155,-0.6416
2015-07-01,1.57,-4.17,-4.16,9.97,0.4,-5.3647,-1.2835,-4.7556,-5.5627,-6.4634,-0.1855,-1.3585,-0.8221,-4.0367,-4.7288,1.8617,0.2663,-3.3357,-3.5355,-6.5832,2.4568,0.2528,-0.198,0.9187,-2.0577,3.1311,3.5654,0.1147,0.07,0.5948
2015-08-01,-6.02,0.37,2.75,-2.16,0.2,-8.699,-6.812,-4.807,-3.5715,-1.1871,-10.0152,-5.4307,-3.5161,-4.9397,-4.1872,-8.0939,-5.4838,-3.5791,-5.3645,-2.5317,-7.979,-5.1599,-4.7488,-3.3161,-5.5864,-5.9184,-6.5664,-5.6437,-5.3381,-7.6108
2015-09-01,-3.06,-2.63,0.55,5.24,0.1,-8.6475,-9.2214,-5.8452,-3.9761,-5.6706,-9.5359,-5.1069,-5.1944,-2.6878,-5.2908,-6.1627,-4.2329,-5.1436,-6.0203,-5.4693,-5.7578,-3.9871,-4.3814,-2.9676,-4.3026,-1.7,-2.703,-1.8387,-1.8219,-5.6887
2015-10-01,7.75,-1.9,-0.47,-3.19,0.1,6.4383,6.5469,5.4488,5.3867,4.4463,3.0215,7.0943,6.4877,5.3875,5.2016,4.1126,6.3451,7.4104,4.9525,7.0792,5.8912,7.101,7.451,2.3116,6.3845,8.5501,8.8143,8.5874,6.2188,7.5433
2015-11-01,0.57,3.58,-0.43,2.29,0.2,5.3323,4.6671,3.0765,3.1959,2.3467,8.0647,2.4142,2.9979,5.0765,4.9512,2.0072,1.9772,0.7963,3.0258,2.434,1.081,0.7801,0.9557,1.4321,1.0031,0.0862,0.3173,-0.5096,0.0735,3.2175
2015-12-01,-2.15,-2.8,-2.57,3.34,0.3,-3.7031,-5.3195,-4.7841,-5.2387,-4.5602,-3.0445,-4.5184,-5.0064,-5.7966,-6.4423,-2.7449,-4.5434,-4.6804,-5.8146,-8.9761,-3.2762,-3.0779,-4.4603,-5.4659,-6.482,-1.3923,-0.5798,-2.2773,-2.0681,-4.3376
2016-01-01,-5.74,-3.4,2.08,1.6,0.2,-13.5071,-14.1333,-9.3779,-6.5383,-7.5123,-17.6701,-6.4384,-8.2496,-6.7586,-8.2723,-11.7711,-6.9369,-6.8914,-6.6348,-6.9584,-9.8271,-6.8471,-6.4723,-5.9656,-8.6069,-6.0194,-3.524,-4.1199,-3.4909,-11.9572
2016-02-01,-0.06,0.73,-0.61,-4.35,0.7,-3.2078,0.4082,0.0619,-1.5609,0.43,-1.4068,0.5961,1.8084,1.413,0.2083,-0.2667,1.4523,2.3766,0.9676,1.5905,1.0853,1.87,0.1069,0.8521,-1.9498,0.2648,-0.3285,1.3535,0.0754,-6.3144
2016-03-01,6.95,0.75,1.22,-5.04,-0.4,3.7167,8.3681,6.3073,6.853,6.5273,8.5956,7.0926,8.6171,7.2457,8.4359,5.6993,7.4959,7.8786,10.2703,11.6886,8.0647,7.5757,9.5151,8.7062,9.546,6.5164,6.3831,6.5163,7.5104,7.4437
2016-04-01,0.92,0.77,3.22,-5.98,0.3,3.117,2.588,2.8722,1.7559,5.779,4.5758,0.132,0.0011,2.6206,3.6975,1.1893,-0.4228,1.6005,3.3709,4.5772,1.9888,0.4683,1.8491,1.762,5.1963,-0.7147,-1.0364,2.5925,2.5397,7.1789
2016-05-01,1.78,-0.18,-1.62,1.47,0.2,1.0273,2.3475,1.4442,-0.7619,-1.4665,3.3482,1.9646,0.6871,2.2273,1.2927,3.5164,1.6282,0.6008,0.8648,0.9713,3.3021,1.8064,4.5514,1.2782,2.1895,1.6604,2.1426,2.1844,-0.4558,1.8589
2016-06-01,-0.03,0.6,-1.49,4.2,0.4,-4.2772,-1.4498,-0.7261,0.8838,0.7554,-0.3631,1.3384,-0.9139,-1.6961,0.0062,0.8241,-2.3727,-0.0795,-0.8383,-1.8496,-0.7961,-1.2335,-1.2791,0.3003,-4.6546,0.0702,-0.0234,2.4846,1.1387,-6.5575
2016-07-01,3.94,2.45,-1.24,-3.31,0.2,4.7272,5.9955,6.8474,4.8806,5.5088,8.0686,6.3271,5.865,4.7479,6.4452,7.0001,5.1755,6.4832,4.3018,6.1749,5.1292,4.1222,3.1396,2.247,6.3589,5.1821,3.5444,1.7121,1.0956,4.42
2016-08-01,0.49,1.17,3.17,-3.41,0.1,2.8986,2.4245,4.5573,4.0926,3.3058,0.136,3.2393,2.1658,3.104,3.1357,-1.0,2.4605,3.641,1.9508,1.7482,1.1067,0.6354,2.113,-0.7087,5.8929,-0.7159,-0.3645,0.3912,1.3718,4.5917
2016-09-01,0.27,2.08,-1.19,0.26,0.3,11.6858,2.6541,4.3608,3.0316,1.8848,5.3587,1.5328,0.9925,0.9436,0.8769,-0.2334,0.5053,0.328,1.4179,1.3483,-0.4787,-0.2294,1.1186,-0.0633,-0.3255,0.5453,0.2302,0.9629,-2.2558,0.2218
2016-10-01,-2.01,-4.39,4.11,0.51,0.0,-11.1254,-9.1117,-6.9084,-3.5834,-3.0558,-9.9171,-6.7859,-5.6638,-2.6078,-4.6477,-4.758,-4.5667,-3.0793,-2.9313,-3.5177,-3.6957,-1.9217,-0.8778,-2.0776,-0.5223,-2.3749,-1.9498,-1.3236,-0.6008,2.3855
2016-11-01,4.86,5.6,8.29,-4.77,0.2,7.2185,9.2838,13.6333,13.8537,13.572,9.4871,10.0119,13.0835,15.8953,14.6382,5.7479,8.6702,10.0278,13.4117,17.2883,3.7343,7.0129,7.2794,6.9797,16.6082,1.0556,3.8112,4.3656,6.3619,14.1398
2016-12-01,1.81,0.14,3.47,-0.27,0.7,1.4093,3.8606,2.4963,8.0093,4.3956,-2.6609,1.2823,2.4077,4.5315,4.0358,0.6007,1.7577,1.7716,2.0166,1.6442,0.1169,0.1463,1.1218,1.909,2.0497,1.2329,1.3318,1.5779,4.6035,4.1845
2017-01-01,1.94,-1.16,-2.76,-0.93,0.1,1.8952,-3.9144,-0.1916,-1.8426,-0.145,2.546,1.7825,-0.5274,-2.035,-0.0511,2.2613,1.8432,1.4569,-0.1151,1.0046,3.1317,3.7093,1.5364,1.6845,1.5836,3.4037,2.4546,-0.6825,1.1467,-0.2862
2017-02-01,3.55,-2.15,-1.5,-1.51,0.1,2.8459,1.6132,2.2794,0.463,-1.3146,5.919,-0.0673,0.6226,1.5659,1.0858,3.9237,1.5013,1.1162,1.0796,0.3981,3.9105,2.6427,3.0538,1.8282,2.8293,4.7372,3.0569,2.6336,3.231,4.5126
2017-03-01,0.17,1.13,-3.33,-0.97,0.4,1.9593,3.2491,2.3729,0.685,0.3213,3.7536,0.3967,-0.7483,-0.6225,-2.0372,1.4034,-0.23,0.8983,-0.7896,-2.2596,0.6959,0.0073,0.5657,-0.2201,-3.4481,1.4383,0.3279,-0.5868,-1.177,-3.1122
2017-04-01,1.08,0.66,-2.05,0.48,0.0,3.8406,0.3716,0.8077,2.2856,0.2914,3.6384,1.2831,1.0098,1.6225,0.392,1.9455,1.0871,1.4077,-0.2066,-2.2245,1.8732,1.5734,0.1876,-0.3246,-0.8654,1.9205,1.9084,0.8835,-0.7722,-0.7601
2017-05-01,1.07,-2.52,-3.82,1.5,0.1,-1.9875,-3.8028,-1.5728,-2.4877,-3.3489,0.3287,-0.75,-2.3938,-4.1175,-4.2705,1.6143,-0.834,-2.5361,-1.9627,-4.2279,1.6218,-0.5932,0.2422,-0.1903,-3.0146,2.8893,2.1743,0.8519,-0.5429,-2.4049
2017-06-01,0.79,2.21,1.5,-0.1,0.3,9.4758,8.8023,4.7934,3.8381,4.3485,6.1147,2.907,3.2326,3.0004,4.0952,2.4993,2.085,2.7464,2.5114,3.2395,1.5006,1.6377,1.2275,2.4713,3.9228,-0.451,0.2256,-0.4655,1.7052,5.2688
2017-07-01,1.88,-1.45,-0.23,1.63,0.3,-0.8108,-2.8201,-0.801,-0.8005,-0.2382,-0.0707,0.6592,1.0639,1.3408,2.3299,0.7932,0.5463,1.4574,0.0499,2.6142,1.6712,1.1914,1.1218,2.8886,1.9761,2.5623,2.2453,1.4927,2.1881,2.2896
2017-08-01,0.18,-1.67,-2.13,3.31,0.0,-0.9,-0.0852,-1.8355,-2.0149,-1.5454,-0.8322,-1.1412,-1.8939,-3.0978,-3.8965,0.7953,-1.8586,-1.9729,-0.9424,-3.2061,0.901,0.1535,-0.315,-1.728,-2.4956,2.111,0.0712,-0.622,-0.0249,-1.6783
2017-09-01,2.49,4.45,3.15,-1.35,0.5,7.1923,5.849,10.0218,9.7705,9.1039,5.6939,6.5072,8.756,9.3012,6.9507,2.4036,4.6011,7.0008,6.7982,5.5792,3.0275,3.7843,4.6703,3.4049,5.6489,1.0474,1.2862,3.6556,2.8143,5.0913
2017-10-01,2.26,-1.93,0.13,4.21,0.1,-2.9851,-2.5199,2.9561,-0.0093,0.9073,0.2457,1.4941,0.2272,-0.044,0.8648,2.3892,1.906,1.4219,0.535,3.3494,2.6216,3.2391,1.9136,-0.4299,2.0043,4.2284,0.7849,2.1606,1.2073,4.2464
2017-11-01,3.12,-0.6,-0.09,-0.94,0.5,1.4022,4.5252,2.5637,2.0916,3.861,2.1676,3.2668,2.3744,2.2007,1.4171,3.8463,3.4775,3.6682,3.3907,3.6887,4.7855,4.8332,4.3053,3.2237,4.8384,3.2246,2.4267,4.6506,2.8034,2.4165
2017-12-01,1.06,-1.32,0.05,-1.55,0.8,1.4033,0.0926,-0.4749,-1.3835,0.2164,0.0668,2.4431,-1.9439,-0.1032,0.1966,1.021,-0.1446,0.3904,-1.3191,0.4002,0.4199,0.7703,0.6324,1.1674,3.5384,1.0423,1.4506,1.5447,1.1786,1.2048
2018-01-01,5.58,-3.16,-1.32,4.08,-0.1,3.5172,2.9971,2.4151,2.7465,0.5313,2.8132,2.3933,2.9965,2.2074,2.1157,5.0764,3.7257,3.4016,3.6353,2.4584,5.055,5.6247,4.6011,3.3897,1.6835,8.0568,5.3436,5.0716,4.2437,6.0404
2018-02-01,-3.64,0.27,-1.1,3.68,0.0,-2.2115,-1.9706,-4.1962,-3.2021,-3.8367,-4.0882,-2.0116,-3.9999,-3.6871,-3.9764,-2.9375,-3.5351,-5.1369,-4.0985,-4.6276,-3.2593,-4.9482,-3.4788,-4.5931,-4.7199,-1.3619,-4.9429,-5.2129,-5.6357,-1.9848
2018-03-01,-2.35,4.05,-0.21,-1.2,0.3,2.973,-0.9147,0.6012,2.7967,2.4923,2.0508,0.4668,1.1741,1.3443,0.9736,2.1376,1.168,-0.9456,1.6383,0.431,-0.4648,0.1997,-0.1661,0.7823,0.2994,-2.8051,-3.9862,-1.2294,-1.6646,-4.6468
2018-04-01,0.27,1.09,0.53,0.45,0.1,0.0982,4.6808,0.7233,1.1595,0.9816,0.1011,1.3596,0.887,0.8587,4.5123,-0.1966,0.2978,-1.6556,1.3182,-0.0078,-0.0105,-0.721,-0.672,-0.5631,2.3362,0.2292,0.9306,1.4465,0.6463,-0.1038
2018-05-01,2.66,5.24,-3.14,3.91,0.3,14.2749,10.4853,7.5027,6.5421,6.3579,8.6613,6.4566,6.982,7.1675,3.7877,6.0957,5.2862,4.6834,5.5146,4.6801,4.1052,4.5945,2.5715,1.8185,1.5536,4.4338,2.2007,0.8348,0.4198,-1.5966
2018-06-01,0.49,1.11,-2.33,-2.26,0.1,3.7192,2.9695,0.3867,1.0875,1.7622,1.1741,4.4922,-0.2058,-1.1675,1.1497,-0.261,0.7789,0.1733,-0.1167,-1.3386,1.575,1.3577,-0.4636,-1.0625,-0.49,0.8912,1.3903,-0.0493,0.5174,-2.3551
2018-07-01,3.2,-2.23,0.49,-1.43,0.2,-0.9501,-0.8755,1.1665,-0.1875,-0.039,1.153,4.1003,3.7919,0.5728,2.8081,1.1896,2.6966,2.0645,2.4132,-0.326,2.35,3.1178,2.4557,1.4976,2.9162,2.9916,5.2508,3.4844,3.4879,5.6014
2018-08-01,3.45,1.14,-3.91,5.3,0.2,4.4539,8.304,2.6452,1.7252,2.7105,7.5869,5.0613,4.1281,2.1804,2.5775,6.6075,4.9521,2.9448,2.4864,3.9437,7.386,3.1503,-0.6231,0.9273,-1.042,6.2181,1.952,1.9118,0.6381,1.3578
2018-09-01,0.06,-2.29,-1.62,-0.08,-0.2,-2.5734,-1.0507,-4.1209,-3.353,-2.3718,-1.9421,-1.0646,-3.5426,-3.5039,-1.4813,-2.0078,-1.1619,-2.0184,-4.0456,-2.6599,-0.907,0.3622,-1.801,0.1285,-0.0782,0.9488,1.2577,-0.3777,-0.9406,-1.6541
2018-10-01,-7.65,-4.7,3.38,-2.06,0.3,-14.3582,-14.7827,-10.617,-9.2227,-8.364,-12.7395,-11.9593,-12.2187,-11.3952,-8.323,-13.6314,-10.4108,-8.6634,-7.4266,-8.9958,-9.6152,-10.0105,-8.171,-6.7217,-9.1073,-8.8495,-5.0917,-4.8416,-4.7714,-7.5405
2018-11-01,1.71,-0.73,0.36,-1.4,0.5,-1.766,0.0319,-0.0761,0.1919,-3.4259,3.5265,1.7,2.8303,1.7296,0.9547,0.289,2.4952,3.0184,2.3248,-0.6474,2.6368,1.902,3.5196,-0.5803,5.1961,0.8286,3.2135,2.25,2.7376,0.3275
2018-12-01,-9.55,-2.31,-1.92,1.76,-0.9,-13.9594,-13.408,-11.2145,-11.4411,-12.2133,-12.3414,-11.2007,-11.5302,-12.6448,-11.9395,-11.1819,-10.911,-11.8053,-11.862,-14.4427,-10.1022,-11.4177,-10.699,-12.3647,-12.9139,-8.4595,-7.1962,-10.0308,-10.4935,-12.7707
2019-01-01,8.37,2.76,-0.39,-8.62,0.3,12.4361,11.0811,9.7658,8.517,10.9317,10.6201,10.9348,9.659,10.3059,10.3918,14.371,10.0836,11.6082,10.6978,14.0254,11.301,10.528,10.5701,12.0059,11.7566,8.1277,6.413,10.1691,6.4705,13.155
2019-02-01,3.42,2.05,-2.66,0.5,0.0,8.018,5.5647,6.3049,4.9972,4.8124,6.2237,6.7034,5.807,5.1802,0.921,6.8264,5.9177,5.05,3.6992,2.5415,6.969,4.9014,3.0243,2.2954,3.1284,3.8978,2.8411,3.9263,1.336,1.7459
2019-03-01,1.1,-3.03,-4.14,2.24,0.7,0.3104,-0.1852,-2.9743,-5.242,-3.7909,-0.3137,-1.3321,-3.1385,-6.1231,-2.645,-1.3545,-1.8685,-0.8732,-2.2603,-3.494,1.7969,0.9375,-0.5953,-0.535,-3.0933,3.2718,1.843,0.2255,-0.7174,-3.1806
2019-04-01,3.97,-1.74,2.13,-2.91,0.0,0.4851,1.5843,2.053,4.1304,1.7483,3.2466,1.7039,3.8395,3.6657,3.4775,3.1352,4.568,6.7307,5.9475,3.9122,3.2145,4.0175,4.2376,5.2887,4.5064,4.3915,3.1167,3.6722,5.2356,8.9563
2019-05-01,-6.92,-1.26,-2.45,7.55,0.4,-5.5987,-5.3696,-7.8796,-8.8496,-8.0569,-8.6528,-7.8311,-7.8213,-10.4484,-10.5239,-5.3645,-8.0971,-7.7446,-8.4651,-10.3035,-5.5126,-7.7156,-7.346,-8.963,-7.8704,-6.9033,-5.5806,-4.9879,-8.2335,-8.7741
2019-06-01,6.99,0.11,-0.64,-2.24,0.3,7.24,6.3652,4.6214,6.6623,4.7421,8.9556,8.5397,8.8179,6.8342,6.7454,9.5594,8.163,7.5833,6.569,6.5448,7.1522,9.5604,8.8546,7.4514,6.896,7.6465,5.8061,6.1362,7.6129,7.9632
2019-07-01,1.23,-1.96,0.5,2.92,0.5,-3.1092,-1.3926,-1.1765,-1.8572,-2.0901,-2.7945,1.0536,0.8935,0.8882,-0.0628,3.093,1.7349,0.6112,-0.0487,1.3158,2.0525,1.3717,1.9253,0.375,-0.0265,1.5604,2.0138,1.7032,0.5541,3.2012
2019-08-01,-2.55,-2.39,-4.77,7.51,0.4,-4.019,-5.6239,-7.2687,-6.6139,-8.7416,-0.7399,-6.9143,-4.5943,-6.2116,-9.7937,-5.5698,-4.1657,-4.1581,-7.7798,-10.2222,-2.0079,-4.5699,-4.8961,-4.878,-8.1883,-0.2311,-2.2763,-3.0027,-3.3101,-8.6225
2019-09-01,1.41,-0.97,6.76,-6.74,0.2,-3.5549,0.0774,2.739,5.4784,7.9525,-1.5331,2.1163,3.7548,5.5453,4.2482,-3.3531,1.212,2.719,6.3092,6.4588,-3.2077,3.0587,5.3268,6.1351,5.0447,0.4095,1.4975,2.9107,4.7123,5.3352
2019-10-01,2.07,0.27,-1.92,0.13,0.0,0.5759,0.2823,0.8955,1.138,-0.5728,3.5581,4.4979,1.4702,2.7114,1.7889,3.9171,2.6092,1.8342,2.6587,0.4319,2.7696,1.5256,-0.2635,0.2694,-3.1989,3.018,1.7711,2.8212,1.6769,3.6973
2019-11-01,3.87,0.72,-2.0,-2.63,0.5,7.9407,5.9645,2.9984,3.4336,4.0045,8.435,3.5,3.1274,3.5496,1.786,7.2294,3.0057,1.3644,5.1659,3.6955,7.6228,3.9479,2.9876,2.9897,3.8335,3.8716,4.5297,2.3238,2.9351,4.8865
2019-12-01,2.77,0.76,1.73,-2.22,0.2,3.8663,12.7668,2.8011,4.6332,7.0372,3.9919,1.8591,6.2359,2.6587,6.965,0.2074,3.2491,4.3023,2.1164,3.3039,-0.4644,2.8354,3.7826,2.3494,5.86,3.6704,1.6053,2.3032,3.0182,4.0296
2020-01-01,-0.11,-3.1,-6.22,6.02,0.5,-1.3578,-3.1396,-4.5657,-5.9176,-9.6911,-2.4342,-2.2638,-5.6349,-6.4425,-9.1534,-1.1712,-1.1482,-2.489,-4.954,-8.6074,1.0704,-1.8358,-1.7416,-2.6244,-3.4066,2.4594,0.5051,-0.6035,-5.4542,-4.2418
2020-02-01,-8.15,1.08,-3.82,-0.28,-0.3,-6.1052,-4.2495,-4.3463,-8.3709,-8.4809,-7.4786,-8.256,-10.774,-10.2497,-10.5944,-6.668,-6.8016,-11.2438,-9.0514,-11.4329,-6.6469,-7.0935,-9.2988,-10.6689,-13.3551,-7.027,-8.0365,-9.063,-10.853,-11.7279
2020-03-01,-13.37,-4.69,-13.83,8.21,-6.6,-21.1592,-15.1671,-21.8594,-26.4965,-27.6923,-19.4737,-19.3106,-21.6963,-23.572,-31.9728,-17.6619,-18.5657,-18.159,-26.546,-31.1937,-12.1961,-18.5062,-20.1821,-32.0833,-32.5184,-7.7815,-11.0253,-15.7538,-20.1526,-28.4596
2020-04-01,13.6,2.5,-1.34,-5.48,-10.9,24.3389,18.0775,15.187,10.8935,15.782,19.3272,12.4528,12.3554,9.9268,25.9626,17.5197,13.4751,10.3317,15.3083,19.1823,16.5389,14.5269,11.6757,16.2651,17.4705,14.0905,13.5805,9.82,10.5089,14.6389
2020-05-01,5.57,2.4,-5.0,0.16,8.3,12.2445,6.3917,6.2791,4.3916,4.1402,10.1704,7.2753,3.6226,1.5516,7.167,12.4951,9.2354,5.1624,4.3509,1.4479,10.9131,9.0164,5.8419,3.4749,1.9194,5.6438,5.4962,3.6816,1.1631,3.8204
2020-06-01,2.45,2.67,-2.17,-0.83,5.4,10.584,2.1569,6.5852,4.4366,6.4665,5.3935,2.8424,3.8156,2.8691,3.1663,4.711,1.2661,-0.1115,4.4589,0.2299,2.2766,0.761,-0.7723,2.8019,1.8633,5.0972,-0.8925,-0.6609,-1.8583,2.0764
2020-07-01,5.83,-2.35,-1.44,7.71,1.5,0.3305,0.1079,3.2659,-0.8063,3.6474,0.7253,3.5905,3.5615,1.7674,2.819,1.1045,3.7942,2.5894,4.2985,2.4369,6.0034,7.4489,6.0667,2.5861,2.4797,7.725,5.3871,4.407,1.7882,2.9427
2020-08-01,7.62,-0.2,-3.02,0.46,0.8,3.4207,5.8416,3.7787,5.6166,6.0696,7.9862,6.9178,4.5969,3.0372,9.1547,8.4196,5.5215,3.218,5.474,3.8113,4.2064,3.5349,4.837,5.5635,3.808,10.7972,6.3251,2.3828,2.6214,3.4865
2020-09-01,-3.64,0.06,-2.72,3.19,1.2,-1.3466,-0.196,-4.2142,-3.3806,-3.2792,0.3401,-4.7385,-5.0916,-6.808,-5.1048,-3.1087,-1.1854,-4.2964,-3.1873,-7.1924,0.853,-2.5095,-3.6757,-3.0538,-4.4539,-4.5521,-3.3897,-1.2329,-4.6749,-6.1159
2020-10-01,-2.08,4.34,4.25,-3.14,0.3,-2.6753,-0.9298,-0.4441,3.4274,1.2595,-1.9809,3.365,2.4776,5.6662,6.1753,3.0388,2.0769,3.0633,5.0201,7.4952,1.4059,1.5228,1.4828,1.9421,1.5225,-4.5743,0.1671,0.0113,-2.2802,0.9898
2020-11-01,12.45,5.81,2.09,-12.55,-0.3,25.76,21.4574,19.9117,20.1528,24.5286,21.4791,18.8158,18.3297,18.7037,19.0474,20.7556,17.6056,15.2673,16.6688,22.9243,13.5594,12.6834,16.8167,16.1394,20.3849,10.7281,9.5437,14.2612,16.0894,21.9976
2020-12-01,4.63,5.01,-1.68,-2.37,0.4,12.5156,7.7314,9.3959,8.227,7.451,11.5065,10.1547,8.958,8.8872,7.1491,12.645,8.836,6.9227,8.6023,8.5676,6.8794,5.8211,4.5756,7.7555,4.4087,5.3002,1.8008,3.4491,3.2226,8.0558
2021-01-01,-0.07,7.14,3.22,4.31,1.3,16.5083,14.6098,8.2666,7.4101,41.2114,11.6678,4.9816,7.7042,4.2029,8.9893,2.4415,0.942,2.6253,1.8859,4.3525,-0.2337,0.6644,-0.2059,2.3801,2.5945,-0.9351,-0.4263,-2.0906,0.8233,1.0958
2021-02-01,2.81,2.02,7.2,-7.9,-0.9,8.3909,6.2924,10.6119,11.2949,-3.5384,4.0745,8.6155,9.566,12.2259,8.839,-0.0483,7.9959,8.3383,12.4743,13.8744,3.4689,5.2711,9.2254,12.1902,12.7692,-0.5854,3.3434,6.7356,8.4093,14.3346
2021-03-01,3.16,-2.33,7.35,-6.12,4.3,-5.5244,1.2307,1.8588,6.177,11.7823,-4.8473,-0.8262,2.182,4.6456,7.4558,-4.7837,2.5467,5.0807,6.2936,6.4522,-2.0006,4.1592,4.0771,5.2824,6.6474,1.839,5.0128,5.9385,7.392,6.1788
2021-04-01,4.95,-3.19,-1.02,1.23,0.8,-2.7003,-2.4029,1.7138,0.8277,-1.0157,3.2353,1.5677,2.3396,0.6733,1.2305,2.869,3.9993,3.9311,2.2207,2.9652,4.3697,3.1215,5.8012,3.2792,6.2121,5.9373,5.7761,4.0311,4.7877,4.5694
2021-05-01,0.3,-0.2,7.04,0.56,-0.2,1.8956,0.6597,0.8568,2.1009,10.7327,-2.5949,0.2446,1.1055,2.6615,7.1065,-3.3421,-0.7853,0.368,1.9771,6.5904,-2.0314,-0.0996,2.2358,3.7667,4.5177,-1.3515,0.8179,3.3246,3.6587,8.0383
2021-06-01,2.74,1.7,-7.86,2.07,0.8,8.3779,5.3254,1.5969,-0.5691,3.7629,6.983,3.5313,1.2853,-1.7984,0.4465,5.4695,0.1045,-2.0617,-3.2132,-5.8275,5.157,0.2585,-1.2513,-3.8754,-4.662,5.7192,1.4271,-2.2174,-2.3503,-3.7246
2021-07-01,1.34,-3.93,-1.79,-2.18,-0.2,-10.3342,-7.5508,-3.9027,-4.7649,-1.5695,-7.5376,-2.8278,-1.8155,-2.2034,-6.0375,-2.501,-0.8307,-1.4361,-0.9893,-4.4843,-0.8614,1.8709,-1.2862,1.3609,-4.5576,3.2936,3.1948,0.3887,-1.5461,-3.4375
2021-08-01,2.94,-0.32,-0.23,2.63,0.7,2.5586,5.447,4.2598,2.7964,3.808,2.0545,2.4312,1.3589,1.685,2.4565,1.9022,1.354,1.9025,1.8473,3.5352,3.1631,1.5678,1.6428,3.2297,5.0378,3.3156,4.1276,0.556,1.2886,4.297
2021-09-01,-4.4,0.66,5.12,1.39,0.1,-5.6338,-4.4277,-3.6639,-1.3942,0.0428,-5.2806,-4.1121,-3.4063,-0.7108,3.3738,-3.8561,-3.9939,-2.9657,-4.8492,2.0392,-4.2971,-5.048,-2.1588,-4.5915,1.8128,-5.2802,-6.2381,-4.3882,-0.7545,0.6758
2021-10-01,6.63,-2.26,-0.53,3.32,0.6,1.8208,0.1521,1.2365,1.7536,4.1354,2.4457,2.3534,3.9859,4.9723,2.8453,4.6626,3.8484,3.9369,3.9037,4.1177,4.7924,5.5583,5.3756,4.5505,4.6196,8.9956,5.6413,0.8145,5.5337,7.528
2021-11-01,-1.58,-1.31,-0.37,0.96,0.2,-8.429,-6.949,-3.9551,-3.6812,-3.3466,-8.0613,-3.4555,0.57,-2.6919,-4.0391,-8.576,-2.1291,-2.552,-2.4358,-3.9369,-6.3866,-1.9604,-3.0463,-1.3633,-4.7186,1.2325,-3.0068,-3.0199,-4.5384,-6.6679
2021-12-01,3.23,-1.63,3.25,-2.39,-0.4,-6.7665,0.4989,2.2606,2.2914,3.4385,-0.5266,0.1539,5.89,6.0643,5.0249,0.0968,4.4855,4.3022,5.2503,4.4554,0.3966,5.8722,5.4007,6.1869,3.8335,2.1218,5.2595,6.9104,5.8993,1.6617
2022-01-01,-6.16,-5.93,12.86,-2.42,0.1,-15.8681,-14.4752,-10.1461,-3.6912,-1.9091,-16.3775,-11.6597,-9.5829,-5.249,0.3868,-14.2109,-10.1419,-6.3419,-3.9308,1.7767,-12.7141,-7.1201,-4.1405,-2.7948,5.9416,-7.7613,-6.3404,-1.8309,3.027,7.5582
2022-02-01,-2.28,2.16,3.06,1.66,0.1,-1.5223,-1.312,0.8251,0.5067,2.9208,-0.1611,2.0508,0.5483,3.1228,2.7265,-0.7716,0.5679,1.5302,-0.2388,3.0461,0.1103,0.4318,0.6859,2.007,3.5105,-3.3277,-4.3294,0.2844,0.0341,-0.8703
2022-03-01,3.08,-1.55,-1.9,2.94,0.5,0.8697,1.7694,0.5535,1.2956,2.4942,1.2199,2.2185,1.7931,-0.1624,-0.0287,1.7833,0.8371,0.8021,0.3781,3.1499,0.1259,1.1975,3.5932,1.1779,2.1024,4.8718,3.5373,1.653,3.9921,-2.9057
2022-04-01,-9.41,-1.35,6.18,5.0,0.5,-16.1376,-13.1485,-10.0427,-6.3042,-4.0798,-18.0685,-11.9564,-8.0424,-6.3465,-6.0679,-11.7955,-7.6092,-6.4057,-6.6351,-5.3818,-10.7022,-7.864,-4.8852,-5.7821,-6.9234,-10.863,-9.2215,-7.1109,-5.704,-7.0986
2022-05-01,-0.34,-1.84,8.44,2.54,-0.1,-5.5295,-3.5124,-0.9566,-0.1264,2.9279,-3.2766,-2.8738,2.3442,4.0402,5.9566,-5.3077,0.9316,1.2167,4.2167,6.1138,-2.8824,1.079,4.4371,0.9084,8.355,-3.0079,-0.3193,2.7771,6.335,6.784
2022-06-01,-8.4,2.07,-6.0,1.09,0.1,-6.5598,-4.3342,-3.9563,-6.5832,-9.9199,-1.9338,-6.3921,-7.2115,-6.493,-12.8977,-4.4319,-7.3263,-7.3974,-10.6721,-15.4247,-7.2625,-9.489,-11.3068,-10.0595,-13.4754,-7.8069,-5.5016,-8.7703,-12.1937,-11.9875
2022-07-01,9.57,2.84,-4.15,-4.36,0.1,14.9652,13.0389,7.9374,9.4534,5.8884,12.8546,13.4641,11.5972,9.8447,9.2258,11.6268,11.5445,9.6885,7.6186,9.4429,13.0065,10.922,6.8956,9.6505,6.1593,12.7169,5.4082,4.1753,7.3352,6.8292
2022-08-01,-3.77,1.41,0.18,1.85,0.5,3.6347,0.2043,0.7614,0.1829,-0.3345,3.6743,-0.7007,-4.4554,-3.8282,-2.4771,-3.8541,-3.5661,-2.8523,-1.8704,-1.378,-2.5181,-3.2304,-3.9545,-2.5527,-0.3688,-5.3498,-3.048,-1.9134,0.0433,-2.9765
2022-09-01,-9.34,-0.76,0.03,3.67,0.1,-12.9015,-9.2137,-7.3766,-11.4498,-9.2831,-8.8022,-8.913,-11.4803,-9.4737,-10.1276,-8.8512,-9.4595,-9.8836,-10.1629,-8.3181,-9.1353,-9.5999,-11.1256,-9.8613,-9.3584,-10.0388,-5.3718,-10.8495,-8.7957,-7.7506
2022-10-01,7.85,0.01,7.97,3.9,0.2,3.3099,5.0932,8.8856,8.5677,9.9183,7.6143,9.328,10.4466,12.8471,15.7299,3.4639,8.9635,12.3919,14.5012,14.8928,5.7844,8.1059,11.86,8.813,11.5419,5.2883,7.4071,9.3206,15.8705,13.1571
2022-11-01,4.65,-3.57,1.48,-1.7,-0.3,-6.0405,-3.3942,0.6611,0.5635,1.5688,-0.2315,-1.7504,0.4422,4.4193,1.4679,3.1372,5.4622,6.3679,6.8526,2.8522,4.3218,5.2597,5.3685,6.8372,2.423,4.7454,6.6348,4.7102,4.735,6.0349
2022-12-01,-6.38,-0.76,1.34,4.91,-0.1,-6.5045,-4.2095,-5.1837,-5.1253,-3.4399,-5.0589,-7.5598,-7.0133,-5.2982,-5.6763,-4.3533,-7.7391,-5.4848,-6.8057,-7.0242,-5.3526,-5.1716,-4.7152,-5.4141,-7.9942,-8.2033,-3.7114,-3.7597,-4.1334,-5.3798
2023-01-01,6.61,5.01,-3.94,-16.17,1.3,15.4106,13.3932,13.8585,9.984,7.1003,14.1421,16.0362,12.31,8.1843,6.6881,10.6176,12.9377,10.525,7.6904,6.9175,9.6917,9.5777,8.114,11.2513,6.773,8.7217,1.9238,6.4044,3.5402,6.005
2023-02-01,-2.57,1.05,-0.8,0.55,-0.1,-4.0771,-5.5869,-3.6803,-2.363,-1.0212,-4.0665,-2.8722,-0.465,-2.6176,-1.5086,-0.3618,-1.2836,-1.5924,-1.7575,-1.3406,-2.4248,-2.2546,-2.9058,-3.2575,-4.3639,-1.317,-2.1663,-3.8368,-4.1951,-2.8714
2023-03-01,2.48,-5.48,-9.05,-2.35,0.0,-10.3145,-6.475,-7.1138,-7.0641,-9.6968,-3.4632,-3.1418,-3.2965,-5.2258,-10.0858,-0.8652,-1.0032,-2.7394,-4.594,-11.1544,1.2549,-0.4571,-2.5019,-4.0192,-11.4563,8.1256,3.2915,0.5123,-3.7313,-6.7836
2023-04-01,0.62,-3.37,-0.12,1.76,0.3,1.904,-2.2872,-1.4331,-2.6335,-4.1692,-2.7967,0.0092,-3.2649,-3.0496,-2.9129,-3.2515,-0.3794,-1.4568,-1.1616,-1.3578,-1.8976,-2.1866,-0.394,-1.6039,0.4532,1.129,1.434,1.1881,2.4192,3.505
2023-05-01,0.34,1.6,-7.79,-0.88,0.0,4.5464,2.7116,3.1756,-1.095,-1.8759,1.2513,3.3752,1.9558,1.9698,-4.9448,1.0489,-1.9133,-3.6462,-3.6683,-4.6105,0.158,-2.1581,-4.0008,-3.2273,-7.9298,5.4991,-1.1454,-5.08,-7.2248,-4.6182
2023-06-01,6.46,1.49,-0.13,-2.69,0.3,7.288,3.3048,5.6048,6.5232,7.1504,7.0349,7.144,9.1615,8.7654,8.2103,6.8229,8.979,8.4293,9.1356,9.5738,8.151,9.1986,9.1469,9.9205,6.7631,7.2447,5.4518,6.1606,5.6433,5.3758
2023-07-01,3.21,2.05,4.06,-4.06,0.5,2.3517,2.9025,3.9629,7.3592,10.1725,4.1532,5.5458,6.069,8.4799,10.5013,5.3331,3.2669,3.9272,8.7024,8.0733,1.2495,4.3147,4.9151,9.7039,8.5167,2.3838,6.2584,3.9894,5.2207,6.7308
2023-08-01,-2.36,-3.14,-1.15,3.78,0.1,-11.6052,-7.5558,-10.4658,-5.8497,-7.7064,-7.1954,-7.0407,-3.8998,-4.9806,-4.2239,-5.3394,-4.4226,-5.1462,-6.6146,-5.1777,-2.4647,-2.3688,-2.7942,-3.784,-2.1289,-0.8326,-0.811,-2.7064,-2.907,-7.4058
2023-09-01,-5.23,-2.51,1.49,0.33,0.1,-8.3019,-7.5961,-6.5249,-5.8637,-6.0553,-9.1371,-5.6605,-4.8003,-5.6737,-6.2495,-5.8727,-4.6387,-6.0684,-5.0172,-7.1566,-5.8736,-4.5895,-6.7057,-4.8187,-3.5014,-5.542,-4.3722,-1.5031,-2.1396,-2.2365
2023-10-01,-3.15,-3.86,0.2,1.67,0.3,-9.7033,-8.8094,-7.9365,-6.2333,-7.7076,-10.1457,-7.634,-7.03,-3.8689,-7.119,-7.3528,-6.206,-5.399,-4.8348,-6.6334,-6.088,-5.8615,-7.1421,-5.4759,-6.2826,-0.9954,-4.9086,-2.538,-2.6849,-4.0385
2023-11-01,8.88,-0.1,1.67,2.56,0.4,4.9912,8.0315,10.7119,8.7524,7.0605,10.8746,9.1137,8.6422,8.7676,10.5486,11.1124,7.4219,8.5409,11.1834,15.3369,9.8774,9.0922,9.0999,8.531,7.85,9.8907,6.9409,7.0776,8.6643,15.2885
2023-12-01,4.85,6.3,4.89,-5.53,0.4,15.0898,15.8289,14.676,16.7645,15.023,12.2171,14.3023,11.1368,13.257,15.6912,10.3291,10.8568,10.072,12.1534,17.0162,8.847,7.7786,9.0679,8.9012,11.719,3.7524,4.7821,5.0621,4.6596,11.6082
2024-01-01,0.73,-5.07,-2.38,5.42,-0.4,0.6965,-3.0599,-3.675,-4.0954,-3.7719,-3.9346,-3.9413,-3.6277,-5.1427,-5.7835,-4.2161,-3.0991,-3.9942,-3.4592,-5.3363,-1.6905,-0.0187,-1.4938,-3.2855,-2.4499,2.2668,-0.5114,3.555,2.666,-0.8885
2024-02-01,5.07,-0.24,-3.43,4.9,0.4,9.9101,6.5461,11.7395,2.5236,4.3191,9.4637,6.5431,7.0871,4.4029,0.9166,3.2515,5.521,5.3956,1.5477,1.2683,7.0309,8.0568,3.6154,4.613,2.5456,6.0191,1.6618,8.0005,4.9929,2.9209
2024-03-01,2.84,-2.5,4.16,-0.32,0.3,-3.0177,1.6148,0.7567,1.9273,4.5873,0.3944,2.1525,2.564,2.8327,4.2768,0.6384,2.8812,4.6765,4.6745,6.6566,3.8473,4.6856,5.0535,8.2041,7.6679,1.6533,6.4515,3.6182,6.1457,8.9895
2024-04-01,-4.65,-2.37,-0.45,-0.43,0.2,-12.4977,-7.1253,-7.5031,-7.4525,-7.4984,-6.9152,-8.2687,-6.3555,-5.5931,-6.8366,-6.286,-6.2882,-5.9795,-6.4392,-7.6944,-5.7327,-6.426,-6.0649,-6.8568,-5.734,-4.0193,1.242,-4.4625,-4.9964,-5.4747
2024-05-01,4.33,0.55,-1.31,-0.16,0.5,7.3358,3.2529,4.6762,3.8453,4.6775,1.9278,3.2264,5.5667,4.857,5.072,4.6483,5.1154,4.1597,5.4034,4.0525,2.5533,2.1786,2.5392,5.2938,3.6068,5.9598,4.0278,3.1691,4.0482,4.2631
2024-06-01,2.8,-3.0,-3.36,0.85,0.3,-4.1906,-2.3401,-5.5962,-2.0009,-2.5354,-1.6837,-1.6793,-2.162,-1.5455,-2.8258,2.8059,-0.855,-1.9375,-2.5846,-2.3404,-0.6069,-1.7629,-2.3903,-1.6565,-2.8367,6.1092,1.096,0.3339,-1.6716,0.6083
2024-07-01,1.22,6.81,5.62,-2.35,0.4,11.9222,8.544,14.1625,14.0296,14.5064,7.4212,9.7811,9.9574,12.0949,15.091,6.4974,6.0491,9.1286,10.4114,11.2443,3.2133,7.3394,6.5698,6.7612,7.1353,-0.8513,2.2329,4.0102,6.5989,2.9147
2024-08-01,1.6,-3.49,-1.1,4.81,0.1,-1.7081,-4.2816,-2.6547,-3.796,-2.1265,0.5129,0.2862,-3.5651,-2.2204,-1.8099,-0.1472,-2.0629,-0.9634,-1.3943,-0.7592,1.7784,2.0276,1.6155,1.4801,-0.4795,2.1543,3.8852,-0.644,4.15,0.9392
2024-09-01,1.72,-0.13,-2.76,-0.62,0.5,1.531,1.0588,-1.5477,-1.2118,-0.232,0.5382,1.3042,0.9173,-0.5248,-0.8892,4.2635,2.3503,1.0493,0.0766,0.1074,3.4516,2.2294,1.2623,3.6539,-1.3147,2.4194,3.9933,1.0625,-1.1409,-0.5287
2024-10-01,-1.0,-0.99,0.86,3.0,0.1,5.3682,0.4745,-0.7511,-0.882,0.6604,-0.9068,-0.9829,-3.1869,-0.4686,-1.1392,-1.6588,-2.7289,-1.2831,-1.3824,-0.189,-1.0065,-1.8013,-1.6278,1.5997,1.5252,-0.7924,-1.3064,-1.0778,0.3624,5.8881
2024-11-01,6.49,4.46,0.16,1.0,0.3,10.5481,10.0125,9.5951,8.9933,10.7434,14.3044,13.5425,10.8019,12.6712,10.4052,10.2793,11.1932,11.5833,9.7792,11.6624,9.7341,6.8909,5.7648,10.4277,12.7064,6.3182,5.3371,5.1812,8.907,11.3098
2024-12-01,-3.17,-2.71,-3.0,-0.3,0.7,-5.4356,-4.9957,-6.7627,-7.7864,-4.5747,-4.3803,-9.1696,-8.8409,-8.8516,-6.8635,-7.9478,-7.9098,-8.0605,-8.9497,-8.9605,-8.2651,-7.1663,-6.4893,-6.2309,-5.5524,0.3266,-4.8243,-8.954,-6.7957,-5.7415
